Year,Round,Overall_Pick,Nationality,Full_Name,Position,season,sequenceNumber,stat_assists,stat_goals,stat_pim,stat_games,stat_penaltyMinutes,stat_points,team_name,team_link,league_name,league_link,team_id,league_id,stat_powerPlayGoals,stat_gameWinningGoals,stat_shortHandedGoals,stat_plusMinus,stat_shots,stat_timeOnIce,stat_hits,stat_powerPlayPoints,stat_powerPlayTimeOnIce,stat_evenTimeOnIce,stat_faceOffPct,stat_shotPct,stat_overTimeGoals,stat_shortHandedPoints,stat_shortHandedTimeOnIce,stat_blocked,stat_shifts,season_played
2015,1,1,Canada,Connor McDavid,(C),20152016,1,32.0,16.0,18.0,45.0,18,48.0,Edmonton Oilers,/api/v1/teams/22,National Hockey League,/api/v1/league/133,22.0,133.0,3.0,5.0,0.0,-1.0,105.0,849:49,12.0,14.0,133:22,681:18,41.23,15.24,1.0,0.0,35:09,10.0,1030.0,1
2015,1,1,Canada,Connor McDavid,(C),20162017,1,70.0,30.0,26.0,82.0,26,100.0,Edmonton Oilers,/api/v1/teams/22,National Hockey League,/api/v1/league/133,22.0,133.0,3.0,6.0,1.0,27.0,251.0,1732:47,34.0,27.0,248:53,1418:05,43.18,11.95,1.0,2.0,65:49,29.0,1998.0,2
2015,1,1,Canada,Connor McDavid,(C),20172018,1,67.0,41.0,26.0,82.0,26,108.0,Edmonton Oilers,/api/v1/teams/22,National Hockey League,/api/v1/league/133,22.0,133.0,5.0,7.0,1.0,20.0,274.0,1767:14,28.0,20.0,243:13,1434:45,41.36,14.96,2.0,4.0,89:16,46.0,1940.0,3
2015,1,2,United States,Jack Eichel,(C),20152016,1,32.0,24.0,22.0,81.0,22,56.0,Buffalo Sabres,/api/v1/teams/7,National Hockey League,/api/v1/league/133,7.0,133.0,8.0,5.0,0.0,-16.0,238.0,1548:51,43.0,21.0,246:21,1272:03,41.02,10.08,1.0,0.0,30:27,25.0,1796.0,1
2015,1,2,United States,Jack Eichel,(C),20162017,1,33.0,24.0,22.0,61.0,22,57.0,Buffalo Sabres,/api/v1/teams/7,National Hockey League,/api/v1/league/133,7.0,133.0,10.0,4.0,0.0,-13.0,249.0,1215:08,26.0,24.0,181:57,1018:30,38.94,9.64,1.0,0.0,14:41,35.0,1343.0,2
2015,1,2,United States,Jack Eichel,(C),20172018,1,39.0,25.0,32.0,67.0,32,64.0,Buffalo Sabres,/api/v1/teams/7,National Hockey League,/api/v1/league/133,7.0,133.0,3.0,4.0,0.0,-25.0,246.0,1349:36,52.0,20.0,249:35,1046:50,41.51,10.16,1.0,2.0,53:11,35.0,1558.0,3
2015,1,3,Canada,Dylan Strome,(C),20162017,1,1.0,0.0,0.0,7.0,0,1.0,Arizona Coyotes,/api/v1/teams/53,National Hockey League,/api/v1/league/133,53.0,133.0,0.0,0.0,0.0,-5.0,6.0,95:47,3.0,0.0,14:22,81:15,40.26,0.0,0.0,0.0,00:10,2.0,130.0,2
2015,1,3,Canada,Dylan Strome,(C),20172018,1,5.0,4.0,8.0,21.0,8,9.0,Arizona Coyotes,/api/v1/teams/53,National Hockey League,/api/v1/league/133,53.0,133.0,1.0,0.0,0.0,4.0,30.0,271:53,7.0,1.0,31:49,238:25,42.99,13.33,0.0,0.0,01:39,12.0,382.0,3
2015,1,5,United States,Noah Hanifin,(D),20152016,1,18.0,4.0,22.0,79.0,22,22.0,Carolina Hurricanes,/api/v1/teams/12,National Hockey League,/api/v1/league/133,12.0,133.0,1.0,0.0,0.0,-14.0,122.0,1414:25,67.0,7.0,187:10,1220:19,0.0,3.28,0.0,0.0,06:56,78.0,1769.0,1
2015,1,5,United States,Noah Hanifin,(D),20162017,1,25.0,4.0,26.0,81.0,26,29.0,Carolina Hurricanes,/api/v1/teams/12,National Hockey League,/api/v1/league/133,12.0,133.0,2.0,1.0,0.0,-19.0,108.0,1451:32,57.0,11.0,164:35,1283:52,0.0,3.7,1.0,0.0,03:05,73.0,1785.0,2
2015,1,5,United States,Noah Hanifin,(D),20172018,1,22.0,10.0,21.0,79.0,21,32.0,Carolina Hurricanes,/api/v1/teams/12,National Hockey League,/api/v1/league/133,12.0,133.0,1.0,3.0,0.0,-20.0,165.0,1489:57,81.0,7.0,142:04,1341:18,0.0,6.06,1.0,0.0,06:35,69.0,1861.0,3
2015,1,6,Czech Republic,Pavel Zacha,(C),20152016,1,2.0,0.0,0.0,1.0,0,2.0,New Jersey Devils,/api/v1/teams/1,National Hockey League,/api/v1/league/133,1.0,133.0,0.0,0.0,0.0,4.0,3.0,16:51,1.0,0.0,04:14,11:42,33.33,0.0,0.0,0.0,00:55,0.0,21.0,1
2015,1,6,Czech Republic,Pavel Zacha,(C),20162017,1,16.0,8.0,19.0,70.0,19,24.0,New Jersey Devils,/api/v1/teams/1,National Hockey League,/api/v1/league/133,1.0,133.0,5.0,2.0,0.0,-17.0,83.0,1001:33,54.0,13.0,128:46,823:46,40.26,9.64,0.0,0.0,49:01,24.0,1299.0,2
2015,1,6,Czech Republic,Pavel Zacha,(C),20172018,1,17.0,8.0,30.0,69.0,30,25.0,New Jersey Devils,/api/v1/teams/1,National Hockey League,/api/v1/league/133,1.0,133.0,2.0,0.0,1.0,-3.0,112.0,991:37,70.0,5.0,90:10,829:06,43.86,7.14,0.0,1.0,72:21,22.0,1298.0,3
2015,1,7,Russia,Ivan Provorov,(D),20162017,1,24.0,6.0,34.0,82.0,34,30.0,Philadelphia Flyers,/api/v1/teams/4,National Hockey League,/api/v1/league/133,4.0,133.0,0.0,1.0,0.0,-7.0,161.0,1802:12,111.0,5.0,139:04,1430:49,0.0,3.73,0.0,0.0,232:19,166.0,2337.0,2
2015,1,7,Russia,Ivan Provorov,(D),20172018,1,24.0,17.0,20.0,82.0,20,41.0,Philadelphia Flyers,/api/v1/teams/4,National Hockey League,/api/v1/league/133,4.0,133.0,2.0,2.0,0.0,17.0,203.0,1980:32,148.0,5.0,145:13,1623:41,0.0,8.37,0.0,0.0,211:38,169.0,2372.0,3
2015,1,8,United States,Zach Werenski,(D),20162017,1,36.0,11.0,14.0,78.0,14,47.0,Columbus Blue Jackets,/api/v1/teams/29,National Hockey League,/api/v1/league/133,29.0,133.0,4.0,1.0,0.0,17.0,188.0,1631:04,41.0,21.0,217:35,1354:28,0.0,5.85,1.0,0.0,59:01,90.0,2069.0,2
2015,1,8,United States,Zach Werenski,(D),20172018,1,21.0,16.0,16.0,77.0,16,37.0,Columbus Blue Jackets,/api/v1/teams/29,National Hockey League,/api/v1/league/133,29.0,133.0,3.0,3.0,0.0,8.0,207.0,1738:21,58.0,10.0,187:03,1492:39,0.0,7.73,1.0,0.0,58:39,92.0,2047.0,3
2015,1,9,Switzerland,Timo Meier,(RW),20162017,1,3.0,3.0,10.0,34.0,10,6.0,San Jose Sharks,/api/v1/teams/28,National Hockey League,/api/v1/league/133,28.0,133.0,0.0,1.0,0.0,1.0,85.0,424:06,64.0,0.0,06:19,404:00,20.0,3.53,0.0,0.0,13:47,5.0,626.0,2
2015,1,9,Switzerland,Timo Meier,(RW),20172018,1,15.0,21.0,51.0,81.0,51,36.0,San Jose Sharks,/api/v1/teams/28,National Hockey League,/api/v1/league/133,28.0,133.0,3.0,4.0,0.0,2.0,210.0,1204:17,105.0,4.0,102:41,1083:26,48.63,10.0,0.0,0.0,18:10,48.0,1656.0,3
2015,1,10,Finland,Mikko Rantanen,(RW),20152016,1,0.0,0.0,2.0,9.0,2,0.0,Colorado Avalanche,/api/v1/teams/21,National Hockey League,/api/v1/league/133,21.0,133.0,0.0,0.0,0.0,-7.0,9.0,80:37,0.0,0.0,00:00,80:19,54.17,0.0,0.0,0.0,00:18,11.0,115.0,1
2015,1,10,Finland,Mikko Rantanen,(RW),20162017,1,18.0,20.0,22.0,75.0,22,38.0,Colorado Avalanche,/api/v1/teams/21,National Hockey League,/api/v1/league/133,21.0,133.0,4.0,2.0,0.0,-25.0,133.0,1354:22,29.0,10.0,204:20,1144:16,58.0,15.04,1.0,0.0,05:46,33.0,1667.0,2
2015,1,10,Finland,Mikko Rantanen,(RW),20172018,1,55.0,29.0,34.0,81.0,34,84.0,Colorado Avalanche,/api/v1/teams/21,National Hockey League,/api/v1/league/133,21.0,133.0,12.0,3.0,0.0,0.0,178.0,1535:59,32.0,35.0,303:04,1231:25,51.28,16.29,0.0,0.0,01:30,40.0,1845.0,3
2015,1,11,Canada,Lawson Crouse,(LW),20162017,1,7.0,5.0,48.0,72.0,48,12.0,Arizona Coyotes,/api/v1/teams/53,National Hockey League,/api/v1/league/133,53.0,133.0,0.0,2.0,1.0,-20.0,84.0,855:58,160.0,0.0,01:51,747:29,50.0,5.95,0.0,1.0,106:38,29.0,1212.0,2
2015,1,11,Canada,Lawson Crouse,(LW),20172018,1,0.0,1.0,7.0,11.0,7,1.0,Arizona Coyotes,/api/v1/teams/53,National Hockey League,/api/v1/league/133,53.0,133.0,0.0,0.0,0.0,-6.0,13.0,120:20,29.0,0.0,00:32,116:11,27.27,7.69,0.0,0.0,03:37,6.0,194.0,3
2015,1,12,Russia,Denis Gurianov,(RW),20162017,1,0.0,0.0,0.0,1.0,0,0.0,Dallas Stars,/api/v1/teams/25,National Hockey League,/api/v1/league/133,25.0,133.0,0.0,0.0,0.0,-1.0,0.0,13:06,1.0,0.0,00:00,13:06,0.0,0.0,0.0,0.0,00:00,3.0,17.0,2
2015,1,14,Canada,Jake DeBrusk,(LW),20172018,1,27.0,16.0,19.0,70.0,19,43.0,Boston Bruins,/api/v1/teams/6,National Hockey League,/api/v1/league/133,6.0,133.0,2.0,5.0,0.0,13.0,143.0,1005:59,70.0,9.0,126:19,874:01,43.33,11.19,0.0,0.0,05:39,26.0,1272.0,3
2015,1,16,Canada,Mathew Barzal,(C),20162017,1,0.0,0.0,6.0,2.0,6,0.0,New York Islanders,/api/v1/teams/2,National Hockey League,/api/v1/league/133,2.0,133.0,0.0,0.0,0.0,-2.0,0.0,19:30,1.0,0.0,01:02,18:28,46.15,0.0,0.0,0.0,00:00,0.0,32.0,2
2015,1,16,Canada,Mathew Barzal,(C),20172018,1,63.0,22.0,30.0,82.0,30,85.0,New York Islanders,/api/v1/teams/2,National Hockey League,/api/v1/league/133,2.0,133.0,5.0,4.0,0.0,1.0,170.0,1456:47,21.0,27.0,259:36,1194:28,42.57,12.94,1.0,0.0,02:43,31.0,1582.0,3
2015,1,17,United States,Kyle Connor,(LW),20162017,1,3.0,2.0,4.0,20.0,4,5.0,Winnipeg Jets,/api/v1/teams/52,National Hockey League,/api/v1/league/133,52.0,133.0,0.0,1.0,0.0,-7.0,24.0,244:25,1.0,2.0,27:59,216:26,50.0,8.33,0.0,0.0,00:00,8.0,327.0,2
2015,1,17,United States,Kyle Connor,(LW),20172018,1,26.0,31.0,16.0,76.0,16,57.0,Winnipeg Jets,/api/v1/teams/52,National Hockey League,/api/v1/league/133,52.0,133.0,7.0,7.0,0.0,8.0,192.0,1284:56,18.0,11.0,202:20,1081:51,28.57,16.15,3.0,0.0,00:45,26.0,1611.0,3
2015,1,18,Canada,Thomas Chabot,(D),20162017,1,0.0,0.0,0.0,1.0,0,0.0,Ottawa Senators,/api/v1/teams/9,National Hockey League,/api/v1/league/133,9.0,133.0,0.0,0.0,0.0,-2.0,1.0,07:09,1.0,0.0,00:00,07:09,0.0,0.0,0.0,0.0,00:00,0.0,13.0,2
2015,1,18,Canada,Thomas Chabot,(D),20172018,1,16.0,9.0,14.0,63.0,14,25.0,Ottawa Senators,/api/v1/teams/9,National Hockey League,/api/v1/league/133,9.0,133.0,0.0,0.0,0.0,-12.0,94.0,1103:11,44.0,8.0,118:13,975:25,0.0,9.57,0.0,0.0,09:33,64.0,1441.0,3
2015,1,19,Russia,Evgeny Svechnikov,(LW),20162017,1,0.0,0.0,0.0,2.0,0,0.0,Detroit Red Wings,/api/v1/teams/17,National Hockey League,/api/v1/league/133,17.0,133.0,0.0,0.0,0.0,0.0,4.0,26:17,2.0,0.0,00:00,26:17,0.0,0.0,0.0,0.0,00:00,1.0,43.0,2
2015,1,19,Russia,Evgeny Svechnikov,(LW),20172018,1,2.0,2.0,8.0,14.0,8,4.0,Detroit Red Wings,/api/v1/teams/17,National Hockey League,/api/v1/league/133,17.0,133.0,0.0,0.0,0.0,-2.0,15.0,123:29,15.0,0.0,00:00,123:29,20.0,13.33,0.0,0.0,00:00,6.0,179.0,3
2015,1,20,Sweden,Joel Eriksson,Ek,20162017,1,4.0,3.0,4.0,15.0,4,7.0,Minnesota Wild,/api/v1/teams/30,National Hockey League,/api/v1/league/133,30.0,133.0,0.0,1.0,0.0,1.0,15.0,159:11,23.0,0.0,01:28,155:15,41.28,20.0,0.0,0.0,02:28,8.0,244.0,2
2015,1,20,Sweden,Joel Eriksson,Ek,20172018,1,10.0,6.0,22.0,75.0,22,16.0,Minnesota Wild,/api/v1/teams/30,National Hockey League,/api/v1/league/133,30.0,133.0,0.0,0.0,0.0,2.0,124.0,958:23,134.0,0.0,08:20,868:37,42.58,4.84,0.0,0.0,81:26,46.0,1271.0,3
2015,1,23,United States,Brock Boeser,(RW),20162017,1,1.0,4.0,0.0,9.0,0,5.0,Vancouver Canucks,/api/v1/teams/23,National Hockey League,/api/v1/league/133,23.0,133.0,2.0,1.0,0.0,0.0,25.0,145:55,5.0,2.0,15:54,130:01,0.0,16.0,0.0,0.0,00:00,0.0,188.0,2
2015,1,23,United States,Brock Boeser,(RW),20172018,1,26.0,29.0,16.0,62.0,16,55.0,Vancouver Canucks,/api/v1/teams/23,National Hockey League,/api/v1/league/133,23.0,133.0,10.0,4.0,0.0,-5.0,179.0,1084:32,29.0,23.0,181:16,900:50,25.64,16.2,0.0,0.0,02:26,24.0,1396.0,3
2015,1,24,Canada,Travis Konecny,(C),20162017,1,17.0,11.0,49.0,70.0,49,28.0,Philadelphia Flyers,/api/v1/teams/4,National Hockey League,/api/v1/league/133,4.0,133.0,3.0,0.0,0.0,-2.0,133.0,986:20,92.0,4.0,118:05,866:59,0.0,8.27,0.0,0.0,01:16,26.0,1330.0,2
2015,1,24,Canada,Travis Konecny,(C),20172018,1,23.0,24.0,46.0,81.0,46,47.0,Philadelphia Flyers,/api/v1/teams/4,National Hockey League,/api/v1/league/133,4.0,133.0,1.0,6.0,0.0,17.0,177.0,1207:29,97.0,3.0,114:03,1092:47,33.33,13.56,2.0,0.0,00:39,53.0,1593.0,3
2015,1,25,United States,Jack Roslovic,(C),20162017,1,0.0,0.0,0.0,1.0,0,0.0,Winnipeg Jets,/api/v1/teams/52,National Hockey League,/api/v1/league/133,52.0,133.0,0.0,0.0,0.0,-1.0,1.0,08:24,0.0,0.0,00:00,08:24,16.67,0.0,0.0,0.0,00:00,1.0,14.0,2
2015,1,25,United States,Jack Roslovic,(C),20172018,1,9.0,5.0,2.0,31.0,2,14.0,Winnipeg Jets,/api/v1/teams/52,National Hockey League,/api/v1/league/133,52.0,133.0,0.0,1.0,0.0,5.0,38.0,381:59,20.0,0.0,36:06,345:53,46.15,13.16,0.0,0.0,00:00,9.0,519.0,3
2015,1,26,Canada,Noah Juulsen,(D),20172018,1,2.0,1.0,4.0,23.0,4,3.0,Montréal Canadiens,/api/v1/teams/8,National Hockey League,/api/v1/league/133,8.0,133.0,0.0,0.0,0.0,1.0,33.0,446:44,58.0,0.0,08:18,384:26,0.0,3.03,0.0,0.0,54:00,34.0,639.0,3
2015,1,27,Sweden,Jacob Larsson,(D),20162017,1,0.0,0.0,2.0,4.0,2,0.0,Anaheim Ducks,/api/v1/teams/24,National Hockey League,/api/v1/league/133,24.0,133.0,0.0,0.0,0.0,-1.0,2.0,65:43,1.0,0.0,04:19,53:12,0.0,0.0,0.0,0.0,08:12,1.0,85.0,2
2015,1,28,Canada,Anthony Beauvillier,(LW),20162017,1,15.0,9.0,10.0,66.0,10,24.0,New York Islanders,/api/v1/teams/2,National Hockey League,/api/v1/league/133,2.0,133.0,0.0,2.0,0.0,1.0,101.0,859:23,81.0,1.0,33:06,822:13,41.41,8.91,0.0,0.0,04:04,26.0,1135.0,2
2015,1,28,Canada,Anthony Beauvillier,(LW),20172018,1,15.0,21.0,16.0,71.0,16,36.0,New York Islanders,/api/v1/teams/2,National Hockey League,/api/v1/league/133,2.0,133.0,3.0,2.0,0.0,2.0,132.0,1031:24,80.0,8.0,67:04,910:57,43.37,15.91,0.0,0.0,53:23,29.0,1266.0,3
2015,1,29,Sweden,Gabriel Carlsson,(D),20162017,1,1.0,0.0,0.0,2.0,0,1.0,Columbus Blue Jackets,/api/v1/teams/29,National Hockey League,/api/v1/league/133,29.0,133.0,0.0,0.0,0.0,-2.0,3.0,34:15,5.0,0.0,00:00,33:31,0.0,0.0,0.0,0.0,00:44,2.0,46.0,2
2015,1,29,Sweden,Gabriel Carlsson,(D),20172018,1,2.0,0.0,4.0,14.0,4,2.0,Columbus Blue Jackets,/api/v1/teams/29,National Hockey League,/api/v1/league/133,29.0,133.0,0.0,0.0,0.0,0.0,18.0,158:37,10.0,0.0,00:08,155:07,0.0,0.0,0.0,0.0,03:22,10.0,209.0,3
2015,1,30,Canada,Nick Merkley,(RW),20172018,1,0.0,0.0,2.0,1.0,2,0.0,Arizona Coyotes,/api/v1/teams/53,National Hockey League,/api/v1/league/133,53.0,133.0,0.0,0.0,0.0,0.0,0.0,13:30,0.0,0.0,02:03,11:27,0.0,0.0,0.0,0.0,00:00,0.0,19.0,3
2015,2,32,United States,Christian Fischer,(RW),20162017,1,0.0,3.0,0.0,7.0,0,3.0,Arizona Coyotes,/api/v1/teams/53,National Hockey League,/api/v1/league/133,53.0,133.0,0.0,1.0,0.0,0.0,10.0,86:17,9.0,0.0,00:00,84:44,0.0,30.0,0.0,0.0,01:33,0.0,115.0,2
2015,2,32,United States,Christian Fischer,(RW),20172018,1,18.0,15.0,14.0,79.0,14,33.0,Arizona Coyotes,/api/v1/teams/53,National Hockey League,/api/v1/league/133,53.0,133.0,5.0,3.0,0.0,-17.0,154.0,1098:29,109.0,8.0,170:36,926:12,17.24,9.74,2.0,0.0,01:41,23.0,1572.0,3
2015,2,34,Canada,Travis Dermott,(D),20172018,1,12.0,1.0,8.0,37.0,8,13.0,Toronto Maple Leafs,/api/v1/teams/10,National Hockey League,/api/v1/league/133,10.0,133.0,0.0,0.0,0.0,16.0,54.0,591:47,48.0,0.0,03:19,574:11,0.0,1.85,0.0,0.0,14:17,36.0,821.0,3
2015,2,37,United States,Brandon Carlo,(D),20162017,1,10.0,6.0,59.0,82.0,59,16.0,Boston Bruins,/api/v1/teams/6,National Hockey League,/api/v1/league/133,6.0,133.0,0.0,0.0,1.0,9.0,88.0,1706:54,87.0,0.0,07:14,1485:09,0.0,6.82,0.0,1.0,214:31,115.0,2080.0,2
2015,2,37,United States,Brandon Carlo,(D),20172018,1,6.0,0.0,45.0,76.0,45,6.0,Boston Bruins,/api/v1/teams/6,National Hockey League,/api/v1/league/133,6.0,133.0,0.0,0.0,0.0,10.0,76.0,1462:01,89.0,0.0,03:41,1247:10,100.0,0.0,0.0,1.0,211:10,84.0,1857.0,3
2015,2,39,Canada,A.J. Greer,(LW),20162017,1,1.0,0.0,4.0,5.0,4,1.0,Colorado Avalanche,/api/v1/teams/21,National Hockey League,/api/v1/league/133,21.0,133.0,0.0,0.0,0.0,-2.0,8.0,68:17,4.0,0.0,02:52,63:27,0.0,0.0,0.0,0.0,01:58,3.0,102.0,2
2015,2,39,Canada,A.J. Greer,(LW),20172018,1,3.0,0.0,29.0,17.0,29,3.0,Colorado Avalanche,/api/v1/teams/21,National Hockey League,/api/v1/league/133,21.0,133.0,0.0,0.0,0.0,2.0,13.0,125:41,30.0,0.0,02:47,122:54,33.33,0.0,0.0,0.0,00:00,5.0,188.0,3
2015,2,45,Sweden,Jakob Forsbacka,Karlsson,20162017,1,0.0,0.0,0.0,1.0,0,0.0,Boston Bruins,/api/v1/teams/6,National Hockey League,/api/v1/league/133,6.0,133.0,0.0,0.0,0.0,0.0,0.0,08:25,0.0,0.0,00:00,08:25,50.0,0.0,0.0,0.0,00:00,1.0,13.0,2
2015,2,46,Netherlands,Daniel Sprong,(RW),20152016,1,0.0,2.0,0.0,18.0,0,2.0,Pittsburgh Penguins,/api/v1/teams/5,National Hockey League,/api/v1/league/133,5.0,133.0,0.0,0.0,0.0,-1.0,23.0,157:03,14.0,0.0,07:22,148:37,50.0,8.7,0.0,0.0,01:04,3.0,221.0,1
2015,2,46,Netherlands,Daniel Sprong,(RW),20172018,1,1.0,2.0,0.0,8.0,0,3.0,Pittsburgh Penguins,/api/v1/teams/5,National Hockey League,/api/v1/league/133,5.0,133.0,0.0,1.0,0.0,2.0,22.0,111:50,9.0,0.0,09:31,102:11,0.0,9.09,0.0,0.0,00:08,4.0,156.0,3
2015,2,48,Czech Republic,Filip Chlapik,(C),20172018,1,3.0,1.0,4.0,20.0,4,4.0,Ottawa Senators,/api/v1/teams/9,National Hockey League,/api/v1/league/133,9.0,133.0,0.0,0.0,0.0,-5.0,21.0,201:27,19.0,1.0,12:11,189:08,45.45,4.76,0.0,0.0,00:08,14.0,277.0,3
2015,2,50,United States,Jordan Greenway,(LW),20172018,1,1.0,0.0,0.0,6.0,0,1.0,Minnesota Wild,/api/v1/teams/30,National Hockey League,/api/v1/league/133,30.0,133.0,0.0,0.0,0.0,0.0,4.0,68:39,5.0,0.0,00:50,67:30,0.0,0.0,0.0,0.0,00:19,3.0,90.0,3
2015,2,51,Canada,Brendan Guhle,(D),20162017,1,0.0,0.0,0.0,3.0,0,0.0,Buffalo Sabres,/api/v1/teams/7,National Hockey League,/api/v1/league/133,7.0,133.0,0.0,0.0,0.0,1.0,4.0,49:03,3.0,0.0,00:05,48:58,0.0,0.0,0.0,0.0,00:00,8.0,71.0,2
2015,2,51,Canada,Brendan Guhle,(D),20172018,1,5.0,0.0,10.0,18.0,10,5.0,Buffalo Sabres,/api/v1/teams/7,National Hockey League,/api/v1/league/133,7.0,133.0,0.0,0.0,0.0,-6.0,37.0,325:54,10.0,0.0,16:41,301:43,0.0,0.0,0.0,0.0,07:30,8.0,450.0,3
2015,2,53,Sweden,Rasmus Andersson,(D),20162017,1,0.0,0.0,0.0,1.0,0,0.0,Calgary Flames,/api/v1/teams/20,National Hockey League,/api/v1/league/133,20.0,133.0,0.0,0.0,0.0,-1.0,0.0,18:33,4.0,0.0,01:52,16:40,0.0,0.0,0.0,0.0,00:01,2.0,23.0,2
2015,2,53,Sweden,Rasmus Andersson,(D),20172018,1,0.0,0.0,4.0,10.0,4,0.0,Calgary Flames,/api/v1/teams/20,National Hockey League,/api/v1/league/133,20.0,133.0,0.0,0.0,0.0,-1.0,8.0,154:23,2.0,0.0,15:37,136:00,0.0,0.0,0.0,0.0,02:46,10.0,207.0,3
2015,2,56,Canada,Vince Dunn,(D),20172018,1,19.0,5.0,20.0,75.0,20,24.0,St. Louis Blues,/api/v1/teams/19,National Hockey League,/api/v1/league/133,19.0,133.0,2.0,1.0,0.0,1.0,138.0,1292:19,29.0,9.0,149:36,1136:42,100.0,3.62,1.0,0.0,06:01,59.0,1654.0,3
2015,2,60,Sweden,Oliver Kylington,(D),20152016,1,0.0,0.0,0.0,1.0,0,0.0,Calgary Flames,/api/v1/teams/20,National Hockey League,/api/v1/league/133,20.0,133.0,0.0,0.0,0.0,0.0,1.0,17:22,0.0,0.0,00:38,16:43,0.0,0.0,0.0,0.0,00:01,1.0,20.0,1
2015,3,63,Canada,Kyle Capobianco,(D),20172018,1,0.0,0.0,0.0,1.0,0,0.0,Arizona Coyotes,/api/v1/teams/53,National Hockey League,/api/v1/league/133,53.0,133.0,0.0,0.0,0.0,-1.0,0.0,13:33,3.0,0.0,00:00,13:32,0.0,0.0,0.0,0.0,00:01,1.0,21.0,3
2015,3,67,Canada,Blake Speers,(C),20162017,1,0.0,0.0,0.0,3.0,0,0.0,New Jersey Devils,/api/v1/teams/1,National Hockey League,/api/v1/league/133,1.0,133.0,0.0,0.0,0.0,0.0,3.0,28:27,1.0,0.0,00:12,24:54,0.0,0.0,0.0,0.0,03:21,1.0,43.0,2
2015,3,72,Canada,Anthony Cirelli,(C),20172018,1,6.0,5.0,6.0,18.0,6,11.0,Tampa Bay Lightning,/api/v1/teams/14,National Hockey League,/api/v1/league/133,14.0,133.0,0.0,0.0,0.0,11.0,26.0,238:10,17.0,0.0,00:12,212:07,44.86,19.23,0.0,1.0,25:51,6.0,352.0,3
2015,4,96,Canada,Nicolas Roy,(C),20172018,1,0.0,0.0,0.0,1.0,0,0.0,Carolina Hurricanes,/api/v1/teams/12,National Hockey League,/api/v1/league/133,12.0,133.0,0.0,0.0,0.0,-1.0,1.0,10:46,2.0,0.0,00:00,10:46,60.0,0.0,0.0,0.0,00:00,0.0,16.0,3
2015,4,101,Russia,Andrei Mironov,(D),20172018,1,2.0,1.0,12.0,10.0,12,3.0,Colorado Avalanche,/api/v1/teams/21,National Hockey League,/api/v1/league/133,21.0,133.0,0.0,0.0,0.0,2.0,3.0,110:28,19.0,0.0,00:00,96:18,0.0,33.33,0.0,0.0,14:10,16.0,159.0,3
2015,4,102,Switzerland,Denis Malgin,(C),20162017,1,4.0,6.0,8.0,47.0,8,10.0,Florida Panthers,/api/v1/teams/13,National Hockey League,/api/v1/league/133,13.0,133.0,2.0,1.0,0.0,-5.0,67.0,528:12,34.0,2.0,52:20,475:37,36.41,8.96,1.0,0.0,00:15,15.0,720.0,2
2015,4,102,Switzerland,Denis Malgin,(C),20172018,1,11.0,11.0,6.0,51.0,6,22.0,Florida Panthers,/api/v1/teams/13,National Hockey League,/api/v1/league/133,13.0,133.0,1.0,3.0,0.0,4.0,79.0,706:30,48.0,6.0,62:50,643:16,42.62,13.92,0.0,0.0,00:24,24.0,985.0,3
2015,4,107,Canada,Christian Wolanin,(D),20172018,1,2.0,1.0,0.0,10.0,0,3.0,Ottawa Senators,/api/v1/teams/9,National Hockey League,/api/v1/league/133,9.0,133.0,0.0,0.0,0.0,-4.0,14.0,146:28,5.0,0.0,14:02,131:40,0.0,7.14,0.0,0.0,00:46,5.0,186.0,3
2015,4,115,Canada,Alexandre Carrier,(D),20162017,1,0.0,0.0,0.0,2.0,0,0.0,Nashville Predators,/api/v1/teams/18,National Hockey League,/api/v1/league/133,18.0,133.0,0.0,0.0,0.0,1.0,1.0,20:47,0.0,0.0,00:00,20:46,0.0,0.0,0.0,0.0,00:01,1.0,33.0,2
2015,5,124,Canada,Ethan Bear,(D),20172018,1,3.0,1.0,10.0,18.0,10,4.0,Edmonton Oilers,/api/v1/teams/22,National Hockey League,/api/v1/league/133,22.0,133.0,1.0,0.0,0.0,-11.0,20.0,335:23,14.0,2.0,32:54,298:58,0.0,5.0,0.0,0.0,03:31,28.0,417.0,3
2015,5,137,Czech Republic,Dominik Simon,(LW),20152016,1,1.0,0.0,0.0,3.0,0,1.0,Pittsburgh Penguins,/api/v1/teams/5,National Hockey League,/api/v1/league/133,5.0,133.0,0.0,0.0,0.0,0.0,2.0,18:13,1.0,0.0,00:00,18:13,0.0,0.0,0.0,0.0,00:00,1.0,28.0,1
2015,5,137,Czech Republic,Dominik Simon,(LW),20162017,1,1.0,0.0,0.0,2.0,0,1.0,Pittsburgh Penguins,/api/v1/teams/5,National Hockey League,/api/v1/league/133,5.0,133.0,0.0,0.0,0.0,-1.0,2.0,26:05,2.0,0.0,00:57,25:08,0.0,0.0,0.0,0.0,00:00,0.0,41.0,2
2015,5,137,Czech Republic,Dominik Simon,(LW),20172018,1,8.0,4.0,16.0,33.0,16,12.0,Pittsburgh Penguins,/api/v1/teams/5,National Hockey League,/api/v1/league/133,5.0,133.0,0.0,0.0,0.0,2.0,36.0,376:56,37.0,0.0,17:08,359:40,42.86,11.11,0.0,0.0,00:08,18.0,523.0,3
2015,5,139,Slovakia,Christian Jaros,(D),20172018,1,0.0,0.0,0.0,2.0,0,0.0,Ottawa Senators,/api/v1/teams/9,National Hockey League,/api/v1/league/133,9.0,133.0,0.0,0.0,0.0,0.0,0.0,15:56,4.0,0.0,00:00,15:56,0.0,0.0,0.0,0.0,00:00,0.0,28.0,3
2015,5,148,United States,Troy Terry,(RW/C),20172018,1,0.0,0.0,0.0,2.0,0,0.0,Anaheim Ducks,/api/v1/teams/24,National Hockey League,/api/v1/league/133,24.0,133.0,0.0,0.0,0.0,0.0,3.0,20:25,0.0,0.0,00:18,20:07,0.0,0.0,0.0,0.0,00:00,2.0,29.0,3
2015,5,149,United States,Adam Gaudette,(C),20172018,1,0.0,0.0,0.0,5.0,0,0.0,Vancouver Canucks,/api/v1/teams/23,National Hockey League,/api/v1/league/133,23.0,133.0,0.0,0.0,0.0,2.0,9.0,63:56,2.0,0.0,03:44,60:12,37.5,0.0,0.0,0.0,00:00,3.0,90.0,3
2015,6,166,Canada,Andrew Mangiapane,(LW),20172018,1,0.0,0.0,2.0,10.0,2,0.0,Calgary Flames,/api/v1/teams/20,National Hockey League,/api/v1/league/133,20.0,133.0,0.0,0.0,0.0,-3.0,7.0,89:18,9.0,0.0,00:15,89:03,100.0,0.0,0.0,0.0,00:00,4.0,129.0,3
2015,7,189,Finland,Markus Nutivaara,(D),20162017,1,5.0,2.0,6.0,66.0,6,7.0,Columbus Blue Jackets,/api/v1/teams/29,National Hockey League,/api/v1/league/133,29.0,133.0,0.0,0.0,0.0,7.0,66.0,872:02,36.0,0.0,11:18,859:02,0.0,3.03,0.0,0.0,01:42,38.0,1187.0,2
2015,7,189,Finland,Markus Nutivaara,(D),20172018,1,16.0,7.0,14.0,61.0,14,23.0,Columbus Blue Jackets,/api/v1/teams/29,National Hockey League,/api/v1/league/133,29.0,133.0,1.0,1.0,0.0,13.0,79.0,977:44,42.0,2.0,34:03,940:50,0.0,8.86,0.0,0.0,02:51,40.0,1281.0,3
2015,7,198,Finland,Sami Niku,(D),20172018,1,0.0,1.0,0.0,1.0,0,1.0,Winnipeg Jets,/api/v1/teams/52,National Hockey League,/api/v1/league/133,52.0,133.0,0.0,0.0,0.0,0.0,2.0,15:13,0.0,0.0,00:00,15:13,0.0,50.0,0.0,0.0,00:00,3.0,18.0,3
2016,1,1,United States,Auston Matthews,(C),20162017,1,29.0,40.0,14.0,82.0,14,69.0,Toronto Maple Leafs,/api/v1/teams/10,National Hockey League,/api/v1/league/133,10.0,133.0,8.0,8.0,0.0,2.0,279.0,1445:45,21.0,21.0,201:28,1242:49,46.82,14.34,1.0,0.0,01:28,61.0,1894.0,1
2016,1,1,United States,Auston Matthews,(C),20172018,1,29.0,34.0,12.0,62.0,12,63.0,Toronto Maple Leafs,/api/v1/teams/10,National Hockey League,/api/v1/league/133,10.0,133.0,5.0,5.0,0.0,25.0,187.0,1123:57,16.0,13.0,133:04,989:20,54.51,18.18,2.0,0.0,01:33,61.0,1497.0,2
2016,1,1,United States,Auston Matthews,(C),20182019,1,36.0,37.0,12.0,68.0,12,73.0,Toronto Maple Leafs,/api/v1/teams/10,National Hockey League,/api/v1/league/133,10.0,133.0,12.0,5.0,0.0,-9.0,251.0,1261:44,28.0,20.0,174:39,1085:01,52.14,14.74,2.0,0.0,02:04,60.0,1591.0,3
2016,1,2,Finland,Patrik Laine,(RW),20162017,1,28.0,36.0,26.0,73.0,26,64.0,Winnipeg Jets,/api/v1/teams/52,National Hockey League,/api/v1/league/133,52.0,133.0,9.0,5.0,0.0,7.0,204.0,1307:37,80.0,14.0,199:18,1106:54,0.0,17.65,1.0,0.0,01:25,33.0,1633.0,1
2016,1,2,Finland,Patrik Laine,(RW),20172018,1,26.0,44.0,24.0,82.0,24,70.0,Winnipeg Jets,/api/v1/teams/52,National Hockey League,/api/v1/league/133,52.0,133.0,20.0,8.0,0.0,8.0,241.0,1351:25,74.0,31.0,246:33,1104:46,25.58,18.26,0.0,0.0,00:06,43.0,1662.0,2
2016,1,2,Finland,Patrik Laine,(RW),20182019,1,20.0,30.0,42.0,82.0,42,50.0,Winnipeg Jets,/api/v1/teams/52,National Hockey League,/api/v1/league/133,52.0,133.0,15.0,3.0,0.0,-24.0,245.0,1413:07,70.0,23.0,287:36,1124:20,36.67,12.24,0.0,0.0,01:11,44.0,1620.0,3
2016,1,3,Canada,Pierre-Luc Dubois,(LW/C),20172018,1,28.0,20.0,49.0,82.0,49,48.0,Columbus Blue Jackets,/api/v1/teams/29,National Hockey League,/api/v1/league/133,29.0,133.0,6.0,4.0,0.0,8.0,165.0,1364:02,127.0,15.0,159:01,1192:20,43.82,12.12,1.0,0.0,12:41,46.0,1727.0,2
2016,1,3,Canada,Pierre-Luc Dubois,(LW/C),20182019,1,34.0,27.0,64.0,82.0,64,61.0,Columbus Blue Jackets,/api/v1/teams/29,National Hockey League,/api/v1/league/133,29.0,133.0,2.0,5.0,0.0,16.0,174.0,1452:40,115.0,9.0,188:33,1249:28,43.46,15.52,1.0,0.0,14:39,52.0,1820.0,3
2016,1,4,Finland,Jesse Puljujarvi,(RW),20162017,1,7.0,1.0,10.0,28.0,10,8.0,Edmonton Oilers,/api/v1/teams/22,National Hockey League,/api/v1/league/133,22.0,133.0,1.0,0.0,0.0,5.0,41.0,315:07,11.0,1.0,22:53,291:58,0.0,2.44,0.0,0.0,00:16,10.0,439.0,1
2016,1,4,Finland,Jesse Puljujarvi,(RW),20172018,1,8.0,12.0,14.0,65.0,14,20.0,Edmonton Oilers,/api/v1/teams/22,National Hockey League,/api/v1/league/133,22.0,133.0,2.0,2.0,0.0,-1.0,136.0,868:54,67.0,2.0,48:19,820:11,0.0,8.82,0.0,0.0,00:24,23.0,1139.0,2
2016,1,4,Finland,Jesse Puljujarvi,(RW),20182019,1,5.0,4.0,16.0,46.0,16,9.0,Edmonton Oilers,/api/v1/teams/22,National Hockey League,/api/v1/league/133,22.0,133.0,0.0,0.0,0.0,-14.0,53.0,549:51,46.0,1.0,20:31,527:54,50.0,7.55,0.0,0.0,01:26,26.0,769.0,3
2016,1,6,United States,Matthew Tkachuk,(LW),20162017,1,35.0,13.0,105.0,76.0,105,48.0,Calgary Flames,/api/v1/teams/20,National Hockey League,/api/v1/league/133,20.0,133.0,3.0,2.0,0.0,14.0,142.0,1114:14,65.0,13.0,153:41,958:57,34.78,9.15,0.0,0.0,01:36,22.0,1468.0,1
2016,1,6,United States,Matthew Tkachuk,(LW),20172018,1,25.0,24.0,61.0,68.0,61,49.0,Calgary Flames,/api/v1/teams/20,National Hockey League,/api/v1/league/133,20.0,133.0,10.0,2.0,0.0,-1.0,188.0,1173:03,80.0,17.0,202:36,970:04,41.18,12.77,0.0,0.0,00:23,16.0,1354.0,2
2016,1,6,United States,Matthew Tkachuk,(LW),20182019,1,43.0,34.0,62.0,80.0,62,77.0,Calgary Flames,/api/v1/teams/20,National Hockey League,/api/v1/league/133,20.0,133.0,11.0,2.0,0.0,14.0,207.0,1407:55,104.0,24.0,255:29,1149:30,46.15,16.43,0.0,0.0,02:56,13.0,1696.0,3
2016,1,7,United States,Clayton Keller,(C),20162017,1,2.0,0.0,0.0,3.0,0,2.0,Arizona Coyotes,/api/v1/teams/53,National Hockey League,/api/v1/league/133,53.0,133.0,0.0,0.0,0.0,-3.0,0.0,38:00,0.0,1.0,05:09,32:51,0.0,0.0,0.0,0.0,00:00,0.0,51.0,1
2016,1,7,United States,Clayton Keller,(C),20172018,1,42.0,23.0,24.0,82.0,24,65.0,Arizona Coyotes,/api/v1/teams/53,National Hockey League,/api/v1/league/133,53.0,133.0,6.0,3.0,0.0,-7.0,212.0,1483:06,7.0,20.0,247:07,1224:59,47.44,10.85,2.0,1.0,11:00,28.0,1892.0,2
2016,1,7,United States,Clayton Keller,(C),20182019,1,33.0,14.0,24.0,82.0,24,47.0,Arizona Coyotes,/api/v1/teams/53,National Hockey League,/api/v1/league/133,53.0,133.0,1.0,5.0,0.0,-21.0,200.0,1495:17,16.0,19.0,288:55,1194:41,33.33,7.0,0.0,0.0,11:41,21.0,1905.0,3
2016,1,9,Russia,Mikhail Sergachev,(D),20162017,1,0.0,0.0,0.0,4.0,0,0.0,Montréal Canadiens,/api/v1/teams/8,National Hockey League,/api/v1/league/133,8.0,133.0,0.0,0.0,0.0,1.0,2.0,48:30,10.0,0.0,01:23,47:07,0.0,0.0,0.0,0.0,00:00,3.0,68.0,1
2016,1,9,Russia,Mikhail Sergachev,(D),20172018,1,31.0,9.0,38.0,79.0,38,40.0,Tampa Bay Lightning,/api/v1/teams/14,National Hockey League,/api/v1/league/133,14.0,133.0,3.0,5.0,0.0,11.0,141.0,1213:28,90.0,16.0,146:09,1066:11,0.0,6.38,0.0,0.0,01:08,64.0,1528.0,2
2016,1,9,Russia,Mikhail Sergachev,(D),20182019,1,26.0,6.0,28.0,75.0,28,32.0,Tampa Bay Lightning,/api/v1/teams/14,National Hockey League,/api/v1/league/133,14.0,133.0,0.0,0.0,0.0,12.0,128.0,1344:15,97.0,6.0,113:20,1214:24,50.0,4.69,0.0,0.0,16:31,93.0,1603.0,3
2016,1,10,Canada,Tyson Jost,(C),20162017,1,0.0,1.0,0.0,6.0,0,1.0,Colorado Avalanche,/api/v1/teams/21,National Hockey League,/api/v1/league/133,21.0,133.0,0.0,0.0,0.0,-5.0,9.0,94:03,3.0,0.0,10:36,77:49,40.0,11.11,0.0,0.0,05:38,3.0,121.0,1
2016,1,10,Canada,Tyson Jost,(C),20172018,1,10.0,12.0,26.0,65.0,26,22.0,Colorado Avalanche,/api/v1/teams/21,National Hockey League,/api/v1/league/133,21.0,133.0,5.0,1.0,0.0,-10.0,113.0,951:12,33.0,8.0,168:19,766:55,36.68,10.62,0.0,0.0,15:58,26.0,1177.0,2
2016,1,10,Canada,Tyson Jost,(C),20182019,1,15.0,11.0,14.0,70.0,14,26.0,Colorado Avalanche,/api/v1/teams/21,National Hockey League,/api/v1/league/133,21.0,133.0,4.0,3.0,0.0,-2.0,114.0,910:25,48.0,5.0,145:07,764:43,37.67,9.65,0.0,0.0,00:35,35.0,1143.0,3
2016,1,11,United States,Logan Brown,(C),20172018,1,1.0,0.0,0.0,4.0,0,1.0,Ottawa Senators,/api/v1/teams/9,National Hockey League,/api/v1/league/133,9.0,133.0,0.0,0.0,0.0,0.0,4.0,32:31,1.0,0.0,09:22,23:09,33.33,0.0,0.0,0.0,00:00,1.0,43.0,2
2016,1,11,United States,Logan Brown,(C),20182019,1,0.0,0.0,0.0,2.0,0,0.0,Ottawa Senators,/api/v1/teams/9,National Hockey League,/api/v1/league/133,9.0,133.0,0.0,0.0,0.0,-2.0,2.0,21:02,0.0,0.0,05:05,15:57,25.0,0.0,0.0,0.0,00:00,1.0,27.0,3
2016,1,12,Canada,Michael McLeod,(C),20182019,1,3.0,0.0,13.0,21.0,13,3.0,New Jersey Devils,/api/v1/teams/1,National Hockey League,/api/v1/league/133,1.0,133.0,0.0,0.0,0.0,-8.0,21.0,256:07,41.0,0.0,06:24,247:53,53.03,0.0,0.0,0.0,01:50,4.0,337.0,3
2016,1,13,Canada,Jake Bean,(D),20182019,1,0.0,0.0,2.0,2.0,2,0.0,Carolina Hurricanes,/api/v1/teams/12,National Hockey League,/api/v1/league/133,12.0,133.0,0.0,0.0,0.0,0.0,1.0,16:55,1.0,0.0,00:19,16:36,0.0,0.0,0.0,0.0,00:00,0.0,26.0,3
2016,1,14,United States,Charlie McAvoy,(D),20172018,1,25.0,7.0,53.0,63.0,53,32.0,Boston Bruins,/api/v1/teams/6,National Hockey League,/api/v1/league/133,6.0,133.0,2.0,2.0,0.0,20.0,77.0,1395:17,133.0,7.0,125:14,1220:20,0.0,9.09,1.0,0.0,49:43,80.0,1666.0,2
2016,1,14,United States,Charlie McAvoy,(D),20182019,1,21.0,7.0,45.0,54.0,45,28.0,Boston Bruins,/api/v1/teams/6,National Hockey League,/api/v1/league/133,6.0,133.0,1.0,3.0,0.0,14.0,79.0,1197:20,92.0,2.0,85:05,1042:07,0.0,8.86,1.0,1.0,70:08,91.0,1448.0,3
2016,1,15,United States,Luke Kunin,(C),20172018,1,2.0,2.0,13.0,19.0,13,4.0,Minnesota Wild,/api/v1/teams/30,National Hockey League,/api/v1/league/133,30.0,133.0,0.0,0.0,1.0,-3.0,32.0,246:35,34.0,0.0,00:59,227:56,44.44,6.25,0.0,1.0,17:40,8.0,336.0,2
2016,1,15,United States,Luke Kunin,(C),20182019,1,11.0,6.0,27.0,49.0,27,17.0,Minnesota Wild,/api/v1/teams/30,National Hockey League,/api/v1/league/133,30.0,133.0,0.0,1.0,0.0,-9.0,88.0,778:23,67.0,1.0,62:45,644:38,44.0,6.82,0.0,0.0,71:00,34.0,1014.0,3
2016,1,16,Canada,Jakob Chychrun,(D),20162017,1,13.0,7.0,47.0,68.0,47,20.0,Arizona Coyotes,/api/v1/teams/53,National Hockey League,/api/v1/league/133,53.0,133.0,1.0,0.0,0.0,-14.0,86.0,1133:20,109.0,2.0,35:08,1020:37,0.0,8.14,0.0,0.0,77:35,99.0,1470.0,1
2016,1,16,Canada,Jakob Chychrun,(D),20172018,1,10.0,4.0,16.0,50.0,16,14.0,Arizona Coyotes,/api/v1/teams/53,National Hockey League,/api/v1/league/133,53.0,133.0,2.0,1.0,0.0,2.0,102.0,1012:30,74.0,4.0,101:50,900:43,0.0,3.92,0.0,0.0,09:57,72.0,1208.0,2
2016,1,16,Canada,Jakob Chychrun,(D),20182019,1,15.0,5.0,28.0,53.0,28,20.0,Arizona Coyotes,/api/v1/teams/53,National Hockey League,/api/v1/league/133,53.0,133.0,3.0,0.0,0.0,-12.0,117.0,1073:30,74.0,8.0,134:53,935:55,0.0,4.27,0.0,0.0,02:42,77.0,1235.0,3
2016,1,17,Canada,Dante Fabbro,(D),20182019,1,0.0,1.0,0.0,4.0,0,1.0,Nashville Predators,/api/v1/teams/18,National Hockey League,/api/v1/league/133,18.0,133.0,0.0,0.0,0.0,-1.0,5.0,50:57,3.0,0.0,00:00,50:04,0.0,20.0,0.0,0.0,00:53,6.0,67.0,3
2016,1,20,Canada,Dennis Cholowski,(D),20182019,1,9.0,7.0,16.0,52.0,16,16.0,Detroit Red Wings,/api/v1/teams/17,National Hockey League,/api/v1/league/133,17.0,133.0,4.0,1.0,0.0,-20.0,71.0,949:10,18.0,9.0,126:57,811:09,100.0,9.86,0.0,0.0,11:04,50.0,1219.0,3
2016,1,23,Finland,Henrik Borgstrom,(C),20172018,1,0.0,1.0,0.0,4.0,0,1.0,Florida Panthers,/api/v1/teams/13,National Hockey League,/api/v1/league/133,13.0,133.0,0.0,0.0,0.0,-1.0,6.0,50:38,1.0,0.0,05:21,45:17,40.54,16.67,0.0,0.0,00:00,1.0,72.0,2
2016,1,23,Finland,Henrik Borgstrom,(C),20182019,1,10.0,8.0,4.0,50.0,4,18.0,Florida Panthers,/api/v1/teams/13,National Hockey League,/api/v1/league/133,13.0,133.0,3.0,0.0,0.0,-14.0,54.0,600:09,11.0,7.0,55:37,543:30,40.74,14.81,0.0,0.0,01:02,12.0,852.0,3
2016,1,24,United States,Max Jones,(LW),20182019,1,3.0,2.0,14.0,30.0,14,5.0,Anaheim Ducks,/api/v1/teams/24,National Hockey League,/api/v1/league/133,24.0,133.0,0.0,1.0,0.0,-1.0,58.0,395:14,30.0,1.0,19:12,353:07,33.33,3.45,0.0,0.0,22:55,5.0,549.0,3
2016,1,26,United States,Tage Thompson,(C),20172018,1,6.0,3.0,12.0,41.0,12,9.0,St. Louis Blues,/api/v1/teams/19,National Hockey League,/api/v1/league/133,19.0,133.0,0.0,0.0,0.0,-12.0,55.0,488:54,39.0,1.0,45:38,443:16,10.0,5.45,0.0,0.0,00:00,9.0,640.0,2
2016,1,26,United States,Tage Thompson,(C),20182019,1,5.0,7.0,20.0,65.0,20,12.0,Buffalo Sabres,/api/v1/teams/7,National Hockey League,/api/v1/league/133,7.0,133.0,1.0,0.0,0.0,-22.0,108.0,788:26,66.0,1.0,56:10,730:24,50.0,6.48,0.0,0.0,01:52,9.0,1031.0,3
2016,1,27,Canada,Brett Howden,(C),20182019,1,17.0,6.0,14.0,66.0,14,23.0,New York Rangers,/api/v1/teams/3,National Hockey League,/api/v1/league/133,3.0,133.0,0.0,1.0,0.0,-16.0,74.0,985:57,64.0,2.0,90:19,812:51,48.42,8.11,0.0,0.0,82:47,47.0,1322.0,3
2016,1,29,United States,Trent Frederic,(C),20182019,1,0.0,0.0,15.0,15.0,15,0.0,Boston Bruins,/api/v1/teams/6,National Hockey League,/api/v1/league/133,6.0,133.0,0.0,0.0,0.0,-4.0,19.0,141:00,18.0,0.0,05:05,134:24,50.62,0.0,0.0,0.0,01:31,3.0,198.0,3
2016,1,30,Canada,Sam Steel,(C),20182019,1,5.0,6.0,8.0,22.0,8,11.0,Anaheim Ducks,/api/v1/teams/24,National Hockey League,/api/v1/league/133,24.0,133.0,0.0,0.0,1.0,2.0,33.0,329:14,9.0,2.0,35:00,282:42,49.09,18.18,0.0,1.0,11:32,6.0,421.0,3
2016,2,35,Canada,Jordan Kyrou,(C),20182019,1,2.0,1.0,4.0,16.0,4,3.0,St. Louis Blues,/api/v1/teams/19,National Hockey League,/api/v1/league/133,19.0,133.0,0.0,0.0,0.0,-1.0,16.0,154:33,2.0,0.0,04:44,149:49,100.0,6.25,0.0,0.0,00:00,3.0,213.0,3
2016,2,37,Czech Republic,Libor Hajek,(D),20182019,1,0.0,1.0,6.0,5.0,6,1.0,New York Rangers,/api/v1/teams/3,National Hockey League,/api/v1/league/133,3.0,133.0,0.0,0.0,0.0,1.0,10.0,82:39,5.0,0.0,00:40,77:27,0.0,10.0,0.0,0.0,04:32,3.0,107.0,3
2016,2,39,United States,Alex DeBrincat,(RW),20172018,1,24.0,28.0,6.0,82.0,6,52.0,Chicago Blackhawks,/api/v1/teams/16,National Hockey League,/api/v1/league/133,16.0,133.0,6.0,1.0,0.0,6.0,181.0,1213:46,40.0,12.0,167:07,1034:46,42.37,15.47,0.0,0.0,11:53,25.0,1564.0,2
2016,2,39,United States,Alex DeBrincat,(RW),20182019,1,35.0,41.0,15.0,82.0,15,76.0,Chicago Blackhawks,/api/v1/teams/16,National Hockey League,/api/v1/league/133,16.0,133.0,13.0,3.0,0.0,0.0,220.0,1451:24,35.0,24.0,267:49,1174:23,45.71,18.64,1.0,0.0,09:12,26.0,1666.0,3
2016,2,41,Canada,Nathan Bastian,(RW),20182019,1,0.0,3.0,10.0,7.0,10,3.0,New Jersey Devils,/api/v1/teams/1,National Hockey League,/api/v1/league/133,1.0,133.0,0.0,0.0,0.0,0.0,13.0,88:46,24.0,0.0,11:21,77:25,100.0,23.08,0.0,0.0,00:00,1.0,119.0,3
2016,2,43,Finland,Janne Kuokkanen,(C/LW),20172018,1,0.0,0.0,0.0,4.0,0,0.0,Carolina Hurricanes,/api/v1/teams/12,National Hockey League,/api/v1/league/133,12.0,133.0,0.0,0.0,0.0,-3.0,6.0,44:15,1.0,0.0,00:00,44:15,0.0,0.0,0.0,0.0,00:00,1.0,64.0,2
2016,2,43,Finland,Janne Kuokkanen,(C/LW),20182019,1,0.0,0.0,4.0,7.0,4,0.0,Carolina Hurricanes,/api/v1/teams/12,National Hockey League,/api/v1/league/133,12.0,133.0,0.0,0.0,0.0,-2.0,6.0,76:26,0.0,0.0,15:38,60:00,0.0,0.0,0.0,0.0,00:48,3.0,101.0,3
2016,2,47,Canada,Samuel Girard,(D),20172018,1,2.0,1.0,2.0,5.0,2,3.0,Nashville Predators,/api/v1/teams/18,National Hockey League,/api/v1/league/133,18.0,133.0,0.0,0.0,0.0,-3.0,8.0,84:33,3.0,1.0,06:59,77:09,0.0,12.5,0.0,0.0,00:25,6.0,114.0,2
2016,2,47,Canada,Samuel Girard,(D),20172018,2,17.0,3.0,6.0,68.0,6,20.0,Colorado Avalanche,/api/v1/teams/21,National Hockey League,/api/v1/league/133,21.0,133.0,1.0,0.0,0.0,-8.0,76.0,1203:46,43.0,12.0,151:21,1051:30,0.0,3.95,0.0,0.0,00:55,63.0,1495.0,2
2016,2,47,Canada,Samuel Girard,(D),20182019,1,23.0,4.0,6.0,82.0,6,27.0,Colorado Avalanche,/api/v1/teams/21,National Hockey League,/api/v1/league/133,21.0,133.0,0.0,0.0,0.0,8.0,116.0,1631:11,65.0,9.0,166:15,1453:56,100.0,3.45,0.0,0.0,11:00,90.0,1966.0,3
2016,2,49,United States,Ryan Lindgren,(D),20182019,1,0.0,0.0,8.0,5.0,8,0.0,New York Rangers,/api/v1/teams/3,National Hockey League,/api/v1/league/133,3.0,133.0,0.0,0.0,0.0,-6.0,8.0,72:56,11.0,0.0,00:00,69:18,0.0,0.0,0.0,0.0,03:38,9.0,102.0,3
2016,2,53,Czech Republic,Filip Hronek,(D),20182019,1,18.0,5.0,30.0,46.0,30,23.0,Detroit Red Wings,/api/v1/teams/17,National Hockey League,/api/v1/league/133,17.0,133.0,1.0,0.0,0.0,-10.0,73.0,918:12,66.0,5.0,77:11,787:20,0.0,6.85,0.0,1.0,53:41,32.0,1201.0,3
2016,2,56,Canada,Dillon Dube,(C),20182019,1,4.0,1.0,4.0,25.0,4,5.0,Calgary Flames,/api/v1/teams/20,National Hockey League,/api/v1/league/133,20.0,133.0,0.0,0.0,0.0,2.0,22.0,251:41,11.0,0.0,11:45,232:39,40.0,4.55,0.0,0.0,07:17,3.0,350.0,3
2016,2,57,Sweden,Carl Grundstrom,(RW),20182019,1,1.0,5.0,6.0,15.0,6,6.0,Los Angeles Kings,/api/v1/teams/26,National Hockey League,/api/v1/league/133,26.0,133.0,0.0,1.0,0.0,-4.0,26.0,224:32,38.0,1.0,30:07,194:14,0.0,19.23,0.0,0.0,00:11,3.0,285.0,3
2016,2,60,United States,Dylan Gambrell,(C),20172018,1,0.0,0.0,0.0,3.0,0,0.0,San Jose Sharks,/api/v1/teams/28,National Hockey League,/api/v1/league/133,28.0,133.0,0.0,0.0,0.0,-1.0,1.0,31:40,0.0,0.0,00:00,31:40,50.0,0.0,0.0,0.0,00:00,2.0,40.0,2
2016,2,60,United States,Dylan Gambrell,(C),20182019,1,0.0,0.0,2.0,8.0,2,0.0,San Jose Sharks,/api/v1/teams/28,National Hockey League,/api/v1/league/133,28.0,133.0,0.0,0.0,0.0,1.0,6.0,69:02,13.0,0.0,00:15,66:02,51.28,0.0,0.0,0.0,02:45,1.0,98.0,3
2016,3,71,Canada,Josh Anderson,(D),20162017,1,12.0,17.0,89.0,78.0,89,29.0,Columbus Blue Jackets,/api/v1/teams/29,National Hockey League,/api/v1/league/133,29.0,133.0,0.0,3.0,0.0,12.0,119.0,937:33,147.0,0.0,06:06,916:44,27.59,14.29,0.0,0.0,14:43,40.0,1364.0,1
2016,3,71,Canada,Josh Anderson,(D),20172018,1,11.0,19.0,42.0,63.0,42,30.0,Columbus Blue Jackets,/api/v1/teams/29,National Hockey League,/api/v1/league/133,29.0,133.0,1.0,5.0,0.0,-1.0,188.0,1136:23,109.0,4.0,85:47,988:36,41.94,10.11,2.0,0.0,62:00,24.0,1416.0,2
2016,3,71,Canada,Josh Anderson,(D),20182019,1,20.0,27.0,60.0,82.0,60,47.0,Columbus Blue Jackets,/api/v1/teams/29,National Hockey League,/api/v1/league/133,29.0,133.0,3.0,5.0,2.0,25.0,230.0,1395:56,214.0,7.0,112:20,1173:46,31.58,11.74,0.0,3.0,109:50,40.0,1814.0,3
2016,3,73,United States,Joey Anderson,(RW),20182019,1,3.0,4.0,6.0,34.0,6,7.0,New Jersey Devils,/api/v1/teams/1,National Hockey League,/api/v1/league/133,1.0,133.0,0.0,1.0,1.0,-7.0,49.0,438:39,42.0,0.0,06:55,388:19,52.94,8.16,0.0,1.0,43:25,11.0,582.0,3
2016,3,76,United States,Rem Pitlick,(C),20182019,1,0.0,0.0,2.0,1.0,2,0.0,Nashville Predators,/api/v1/teams/18,National Hockey League,/api/v1/league/133,18.0,133.0,0.0,0.0,0.0,0.0,0.0,09:43,0.0,0.0,00:00,09:43,0.0,0.0,0.0,0.0,00:00,0.0,14.0,3
2016,3,80,Canada,Brandon Gignac,(C),20182019,1,0.0,0.0,0.0,1.0,0,0.0,New Jersey Devils,/api/v1/teams/1,National Hockey League,/api/v1/league/133,1.0,133.0,0.0,0.0,0.0,-2.0,1.0,09:04,0.0,0.0,00:00,09:04,0.0,0.0,0.0,0.0,00:00,1.0,12.0,3
2016,4,100,Canada,Victor Mete,(D),20172018,1,7.0,0.0,4.0,49.0,4,7.0,Montréal Canadiens,/api/v1/teams/8,National Hockey League,/api/v1/league/133,8.0,133.0,0.0,0.0,0.0,5.0,43.0,763:44,1.0,4.0,68:50,688:44,0.0,0.0,0.0,0.0,06:10,71.0,1051.0,2
2016,4,100,Canada,Victor Mete,(D),20182019,1,13.0,0.0,6.0,71.0,6,13.0,Montréal Canadiens,/api/v1/teams/8,National Hockey League,/api/v1/league/133,8.0,133.0,0.0,0.0,0.0,17.0,65.0,1261:53,21.0,0.0,22:10,1176:51,0.0,0.0,0.0,0.0,62:52,95.0,1650.0,3
2016,4,114,Canada,Riley Stillman,(D),20182019,1,0.0,0.0,2.0,1.0,2,0.0,Florida Panthers,/api/v1/teams/13,National Hockey League,/api/v1/league/133,13.0,133.0,0.0,0.0,0.0,0.0,1.0,11:22,5.0,0.0,00:00,11:22,0.0,0.0,0.0,0.0,00:00,0.0,19.0,3
2016,5,133,Canada,Maxime Lajoie,(D),20182019,1,8.0,7.0,20.0,56.0,20,15.0,Ottawa Senators,/api/v1/teams/9,National Hockey League,/api/v1/league/133,9.0,133.0,4.0,0.0,0.0,-25.0,79.0,1058:43,34.0,8.0,92:12,862:55,0.0,8.86,0.0,0.0,103:36,82.0,1393.0,3
2016,5,141,United States,Tim Gettinger,(LW),20182019,1,0.0,0.0,0.0,4.0,0,0.0,New York Rangers,/api/v1/teams/3,National Hockey League,/api/v1/league/133,3.0,133.0,0.0,0.0,0.0,0.0,2.0,30:05,15.0,0.0,00:00,30:05,0.0,0.0,0.0,0.0,00:00,3.0,42.0,3
2016,6,162,Sweden,Jesper Bratt,(LW/RW),20172018,1,22.0,13.0,18.0,74.0,18,35.0,New Jersey Devils,/api/v1/teams/1,National Hockey League,/api/v1/league/133,1.0,133.0,4.0,2.0,1.0,-16.0,100.0,1128:36,44.0,12.0,151:42,898:01,63.64,13.0,0.0,2.0,78:53,22.0,1516.0,2
2016,6,162,Sweden,Jesper Bratt,(LW/RW),20182019,1,25.0,8.0,6.0,51.0,6,33.0,New Jersey Devils,/api/v1/teams/1,National Hockey League,/api/v1/league/133,1.0,133.0,1.0,1.0,0.0,-8.0,91.0,773:33,36.0,8.0,110:32,654:31,57.14,8.79,0.0,0.0,08:30,22.0,961.0,3
2016,6,173,United States,Blake Hillman,(D),20172018,1,0.0,1.0,0.0,4.0,0,1.0,Chicago Blackhawks,/api/v1/teams/16,National Hockey League,/api/v1/league/133,16.0,133.0,0.0,0.0,1.0,-1.0,5.0,72:07,5.0,0.0,00:05,65:38,0.0,20.0,0.0,1.0,06:24,8.0,99.0,2
2016,6,175,Russia,Maxim Mamin,(C/RW),20172018,1,1.0,3.0,7.0,26.0,7,4.0,Florida Panthers,/api/v1/teams/13,National Hockey League,/api/v1/league/133,13.0,133.0,0.0,1.0,0.0,2.0,28.0,273:32,51.0,0.0,02:19,271:13,0.0,10.71,0.0,0.0,00:00,9.0,398.0,2
2016,6,175,Russia,Maxim Mamin,(C/RW),20182019,1,0.0,0.0,5.0,7.0,5,0.0,Florida Panthers,/api/v1/teams/13,National Hockey League,/api/v1/league/133,13.0,133.0,0.0,0.0,0.0,-2.0,8.0,51:26,10.0,0.0,00:27,50:59,0.0,0.0,0.0,0.0,00:00,1.0,79.0,3
2017,1,1,Switzerland,Nico Hischier,(C),20172018,1,32.0,20.0,26.0,82.0,26,52.0,New Jersey Devils,/api/v1/teams/1,National Hockey League,/api/v1/league/133,1.0,133.0,1.0,2.0,0.0,10.0,180.0,1337:22,56.0,6.0,168:05,1126:34,42.93,11.11,0.0,0.0,42:43,39.0,1778.0,1
2017,1,1,Switzerland,Nico Hischier,(C),20182019,1,30.0,17.0,24.0,69.0,24,47.0,New Jersey Devils,/api/v1/teams/1,National Hockey League,/api/v1/league/133,1.0,133.0,3.0,3.0,0.0,0.0,160.0,1249:10,53.0,11.0,200:29,1003:12,45.24,10.63,3.0,0.0,45:29,44.0,1485.0,2
2017,1,1,Switzerland,Nico Hischier,(C),20192020,1,22.0,14.0,12.0,58.0,12,36.0,New Jersey Devils,/api/v1/teams/1,National Hockey League,/api/v1/league/133,1.0,133.0,2.0,1.0,1.0,-16.0,123.0,1047:32,48.0,10.0,155:56,838:15,51.73,11.4,0.0,2.0,53:21,37.0,1278.0,3
2017,1,2,Canada,Nolan Patrick,(C),20172018,1,17.0,13.0,30.0,73.0,30,30.0,Philadelphia Flyers,/api/v1/teams/4,National Hockey League,/api/v1/league/133,4.0,133.0,5.0,2.0,0.0,1.0,127.0,1001:55,48.0,8.0,133:19,867:20,50.61,10.24,0.0,0.0,01:16,19.0,1384.0,1
2017,1,2,Canada,Nolan Patrick,(C),20182019,1,18.0,13.0,27.0,72.0,27,31.0,Philadelphia Flyers,/api/v1/teams/4,National Hockey League,/api/v1/league/133,4.0,133.0,1.0,3.0,0.0,-8.0,115.0,1085:57,72.0,2.0,118:58,964:18,51.22,11.3,1.0,0.0,02:41,26.0,1484.0,2
2017,1,3,Finland,Miro Heiskanen,(D),20182019,1,21.0,12.0,16.0,82.0,16,33.0,Dallas Stars,/api/v1/teams/25,National Hockey League,/api/v1/league/133,25.0,133.0,2.0,4.0,0.0,-14.0,182.0,1895:17,34.0,8.0,136:35,1644:53,0.0,6.59,0.0,1.0,113:49,71.0,2282.0,2
2017,1,3,Finland,Miro Heiskanen,(D),20192020,1,27.0,8.0,12.0,68.0,12,35.0,Dallas Stars,/api/v1/teams/25,National Hockey League,/api/v1/league/133,25.0,133.0,0.0,0.0,0.0,14.0,163.0,1616:08,40.0,7.0,155:37,1319:35,0.0,4.9,0.0,0.0,140:56,84.0,1894.0,3
2017,1,4,Canada,Cale Makar,(D),20192020,1,38.0,12.0,12.0,57.0,12,50.0,Colorado Avalanche,/api/v1/teams/21,National Hockey League,/api/v1/league/133,21.0,133.0,4.0,4.0,0.0,12.0,121.0,1197:36,45.0,19.0,212:18,979:27,0.0,9.9,0.0,0.0,05:51,47.0,1371.0,3
2017,1,5,Sweden,Elias Pettersson,(C),20182019,1,38.0,28.0,12.0,71.0,12,66.0,Vancouver Canucks,/api/v1/teams/23,National Hockey League,/api/v1/league/133,23.0,133.0,10.0,7.0,0.0,3.0,144.0,1294:04,42.0,22.0,254:24,1034:59,40.99,19.44,1.0,0.0,04:41,51.0,1598.0,2
2017,1,5,Sweden,Elias Pettersson,(C),20192020,1,39.0,27.0,18.0,68.0,18,66.0,Vancouver Canucks,/api/v1/teams/23,National Hockey League,/api/v1/league/133,23.0,133.0,8.0,5.0,0.0,16.0,162.0,1260:07,63.0,24.0,263:33,994:28,41.84,16.7,1.0,0.0,02:06,42.0,1585.0,3
2017,1,6,Canada,Cody Glass,(C),20192020,1,7.0,5.0,6.0,39.0,6,12.0,Vegas Golden Knights,/api/v1/teams/54,National Hockey League,/api/v1/league/133,54.0,133.0,1.0,1.0,0.0,-7.0,51.0,521:03,15.0,6.0,86:50,433:12,41.96,9.8,0.0,0.0,01:01,6.0,627.0,3
2017,1,7,Sweden,Lias Andersson,(C),20172018,1,1.0,1.0,0.0,7.0,0,2.0,New York Rangers,/api/v1/teams/3,National Hockey League,/api/v1/league/133,3.0,133.0,0.0,0.0,0.0,1.0,5.0,83:37,9.0,0.0,00:18,80:12,40.43,20.0,0.0,0.0,03:07,3.0,119.0,1
2017,1,7,Sweden,Lias Andersson,(C),20182019,1,4.0,2.0,29.0,42.0,29,6.0,New York Rangers,/api/v1/teams/3,National Hockey League,/api/v1/league/133,3.0,133.0,0.0,0.0,1.0,-13.0,41.0,450:07,60.0,0.0,02:19,420:11,44.21,4.88,0.0,1.0,27:37,8.0,663.0,2
2017,1,7,Sweden,Lias Andersson,(C),20192020,1,1.0,0.0,4.0,17.0,4,1.0,New York Rangers,/api/v1/teams/3,National Hockey League,/api/v1/league/133,3.0,133.0,0.0,0.0,0.0,-8.0,13.0,162:15,20.0,0.0,00:55,127:20,46.59,0.0,0.0,0.0,34:00,8.0,256.0,3
2017,1,8,United States,Casey Mittelstadt,(C),20172018,1,4.0,1.0,2.0,6.0,2,5.0,Buffalo Sabres,/api/v1/teams/7,National Hockey League,/api/v1/league/133,7.0,133.0,1.0,0.0,0.0,1.0,9.0,84:07,2.0,1.0,12:54,71:13,47.22,11.11,0.0,0.0,00:00,2.0,122.0,1
2017,1,8,United States,Casey Mittelstadt,(C),20182019,1,13.0,12.0,10.0,77.0,10,25.0,Buffalo Sabres,/api/v1/teams/7,National Hockey League,/api/v1/league/133,7.0,133.0,3.0,1.0,0.0,-19.0,118.0,1035:47,30.0,10.0,135:43,899:14,39.74,10.17,0.0,0.0,00:50,16.0,1333.0,2
2017,1,8,United States,Casey Mittelstadt,(C),20192020,1,5.0,4.0,2.0,31.0,2,9.0,Buffalo Sabres,/api/v1/teams/7,National Hockey League,/api/v1/league/133,7.0,133.0,1.0,1.0,0.0,-5.0,34.0,395:34,11.0,2.0,55:10,340:14,46.49,11.8,0.0,0.0,00:10,8.0,533.0,3
2017,1,9,Canada,Michael Rasmussen,(C),20182019,1,10.0,8.0,29.0,62.0,29,18.0,Detroit Red Wings,/api/v1/teams/17,National Hockey League,/api/v1/league/133,17.0,133.0,4.0,0.0,0.0,-8.0,74.0,748:43,84.0,4.0,111:21,636:59,35.94,10.81,0.0,0.0,00:23,28.0,1014.0,2
2017,1,10,Canada,Owen Tippett,(RW),20172018,1,0.0,1.0,0.0,7.0,0,1.0,Florida Panthers,/api/v1/teams/13,National Hockey League,/api/v1/league/133,13.0,133.0,0.0,0.0,0.0,-6.0,17.0,77:49,3.0,0.0,12:04,65:22,0.0,5.88,0.0,0.0,00:23,4.0,115.0,1
2017,1,11,Canada,Gabriel Vilardi,(C),20192020,1,4.0,3.0,4.0,10.0,4,7.0,Los Angeles Kings,/api/v1/teams/26,National Hockey League,/api/v1/league/133,26.0,133.0,1.0,0.0,0.0,0.0,19.0,128:30,1.0,2.0,14:21,114:04,53.26,15.8,0.0,0.0,00:05,4.0,180.0,3
2017,1,12,Czech Republic,Martin Necas,(C),20172018,1,0.0,0.0,0.0,1.0,0,0.0,Carolina Hurricanes,/api/v1/teams/12,National Hockey League,/api/v1/league/133,12.0,133.0,0.0,0.0,0.0,0.0,0.0,06:54,0.0,0.0,00:00,06:54,0.0,0.0,0.0,0.0,00:00,0.0,13.0,1
2017,1,12,Czech Republic,Martin Necas,(C),20182019,1,1.0,1.0,2.0,7.0,2,2.0,Carolina Hurricanes,/api/v1/teams/12,National Hockey League,/api/v1/league/133,12.0,133.0,0.0,0.0,0.0,0.0,6.0,70:10,3.0,0.0,13:28,56:42,36.36,16.67,0.0,0.0,00:00,2.0,103.0,2
2017,1,12,Czech Republic,Martin Necas,(C),20192020,1,20.0,16.0,20.0,64.0,20,36.0,Carolina Hurricanes,/api/v1/teams/12,National Hockey League,/api/v1/league/133,12.0,133.0,5.0,3.0,0.0,-6.0,88.0,906:41,65.0,9.0,115:25,789:30,27.08,18.2,0.0,0.0,01:46,19.0,1183.0,3
2017,1,13,Canada,Nick Suzuki,(C),20192020,1,28.0,13.0,6.0,71.0,6,41.0,Montréal Canadiens,/api/v1/teams/8,National Hockey League,/api/v1/league/133,8.0,133.0,6.0,1.0,0.0,-15.0,138.0,1135:16,64.0,14.0,154:11,960:02,46.28,9.4,0.0,0.0,21:03,32.0,1416.0,3
2017,1,15,Sweden,Erik Brannstrom,(D),20182019,1,0.0,0.0,0.0,2.0,0,0.0,Ottawa Senators,/api/v1/teams/9,National Hockey League,/api/v1/league/133,9.0,133.0,0.0,0.0,0.0,0.0,0.0,36:07,1.0,0.0,03:25,32:08,0.0,0.0,0.0,0.0,00:34,1.0,50.0,2
2017,1,15,Sweden,Erik Brannstrom,(D),20192020,1,4.0,0.0,16.0,31.0,16,4.0,Ottawa Senators,/api/v1/teams/9,National Hockey League,/api/v1/league/133,9.0,133.0,0.0,0.0,0.0,-9.0,38.0,460:07,15.0,1.0,46:01,408:35,0.0,0.0,0.0,0.0,05:31,36.0,670.0,3
2017,1,16,Finland,Juuso Valimaki,(D),20182019,1,2.0,1.0,12.0,24.0,12,3.0,Calgary Flames,/api/v1/teams/20,National Hockey League,/api/v1/league/133,20.0,133.0,0.0,1.0,0.0,-2.0,28.0,371:36,21.0,0.0,03:25,336:49,0.0,3.57,0.0,0.0,31:22,43.0,475.0,2
2017,1,17,Sweden,Timothy Liljegren,(D),20192020,1,1.0,0.0,2.0,11.0,2,1.0,Toronto Maple Leafs,/api/v1/teams/10,National Hockey League,/api/v1/league/133,10.0,133.0,0.0,0.0,0.0,-5.0,2.0,113:14,8.0,0.0,00:00,107:26,0.0,0.0,0.0,0.0,05:48,10.0,156.0,3
2017,1,18,Finland,Urho Vaakanainen,(D),20182019,1,0.0,0.0,0.0,2.0,0,0.0,Boston Bruins,/api/v1/teams/6,National Hockey League,/api/v1/league/133,6.0,133.0,0.0,0.0,0.0,-1.0,2.0,18:12,0.0,0.0,00:00,17:19,0.0,0.0,0.0,0.0,00:53,0.0,25.0,2
2017,1,18,Finland,Urho Vaakanainen,(D),20192020,1,0.0,0.0,0.0,5.0,0,0.0,Boston Bruins,/api/v1/teams/6,National Hockey League,/api/v1/league/133,6.0,133.0,0.0,0.0,0.0,2.0,2.0,84:16,8.0,0.0,01:46,76:29,0.0,0.0,0.0,0.0,06:01,3.0,111.0,3
2017,1,19,United States,Josh Norris,(C),20192020,1,0.0,0.0,0.0,3.0,0,0.0,Ottawa Senators,/api/v1/teams/9,National Hockey League,/api/v1/league/133,9.0,133.0,0.0,0.0,0.0,2.0,9.0,53:45,3.0,0.0,08:24,45:21,61.22,0.0,0.0,0.0,00:00,2.0,69.0,3
2017,1,20,Canada,Robert Thomas,(C),20182019,1,24.0,9.0,14.0,70.0,14,33.0,St. Louis Blues,/api/v1/teams/19,National Hockey League,/api/v1/league/133,19.0,133.0,3.0,0.0,0.0,-2.0,80.0,915:05,13.0,7.0,88:51,816:15,44.09,11.25,0.0,0.0,09:59,22.0,1181.0,2
2017,1,20,Canada,Robert Thomas,(C),20192020,1,32.0,10.0,18.0,66.0,18,42.0,St. Louis Blues,/api/v1/teams/19,National Hockey League,/api/v1/league/133,19.0,133.0,1.0,2.0,0.0,9.0,87.0,961:12,13.0,7.0,94:07,866:13,42.9,11.5,0.0,0.0,00:52,13.0,1175.0,3
2017,1,21,Czech Republic,Filip Chytil,(C),20172018,1,2.0,1.0,4.0,9.0,4,3.0,New York Rangers,/api/v1/teams/3,National Hockey League,/api/v1/league/133,3.0,133.0,0.0,0.0,0.0,-5.0,21.0,122:29,3.0,0.0,03:20,118:50,36.84,4.76,0.0,0.0,00:19,1.0,151.0,1
2017,1,21,Czech Republic,Filip Chytil,(C),20182019,1,12.0,11.0,8.0,75.0,8,23.0,New York Rangers,/api/v1/teams/3,National Hockey League,/api/v1/league/133,3.0,133.0,3.0,2.0,0.0,-22.0,133.0,1033:57,29.0,7.0,109:54,923:51,38.86,8.27,0.0,0.0,00:12,21.0,1300.0,2
2017,1,21,Czech Republic,Filip Chytil,(C),20192020,1,9.0,14.0,10.0,60.0,10,23.0,New York Rangers,/api/v1/teams/3,National Hockey League,/api/v1/league/133,3.0,133.0,1.0,2.0,0.0,-7.0,114.0,890:27,13.0,3.0,76:50,811:58,38.45,12.3,0.0,0.0,01:39,31.0,1109.0,3
2017,1,22,United States,Kailer Yamamoto,(RW),20172018,1,3.0,0.0,2.0,9.0,2,3.0,Edmonton Oilers,/api/v1/teams/22,National Hockey League,/api/v1/league/133,22.0,133.0,0.0,0.0,0.0,-2.0,23.0,136:26,6.0,1.0,12:31,123:32,0.0,0.0,0.0,0.0,00:23,3.0,166.0,1
2017,1,22,United States,Kailer Yamamoto,(RW),20182019,1,1.0,1.0,2.0,17.0,2,2.0,Edmonton Oilers,/api/v1/teams/22,National Hockey League,/api/v1/league/133,22.0,133.0,0.0,0.0,0.0,-6.0,13.0,222:02,18.0,1.0,15:24,199:50,0.0,7.69,0.0,0.0,06:48,11.0,298.0,2
2017,1,22,United States,Kailer Yamamoto,(RW),20192020,1,15.0,11.0,12.0,27.0,12,26.0,Edmonton Oilers,/api/v1/teams/22,National Hockey League,/api/v1/league/133,22.0,133.0,2.0,0.0,0.0,17.0,44.0,469:24,45.0,2.0,23:46,444:05,100.0,25.0,0.0,0.0,01:33,13.0,514.0,3
2017,1,24,Finland,Kristian Vesalainen,(RW),20182019,1,1.0,0.0,0.0,5.0,0,1.0,Winnipeg Jets,/api/v1/teams/52,National Hockey League,/api/v1/league/133,52.0,133.0,0.0,0.0,0.0,0.0,1.0,34:12,1.0,0.0,00:18,33:54,0.0,0.0,0.0,0.0,00:00,1.0,50.0,2
2017,1,25,United States,Ryan Poehling,(C),20182019,1,0.0,3.0,0.0,1.0,0,3.0,Montréal Canadiens,/api/v1/teams/8,National Hockey League,/api/v1/league/133,8.0,133.0,0.0,0.0,0.0,3.0,3.0,11:22,1.0,0.0,00:00,10:40,57.14,100.0,0.0,0.0,00:42,0.0,19.0,2
2017,1,25,United States,Ryan Poehling,(C),20192020,1,1.0,1.0,4.0,27.0,4,2.0,Montréal Canadiens,/api/v1/teams/8,National Hockey League,/api/v1/league/133,8.0,133.0,0.0,0.0,0.0,-4.0,26.0,279:13,38.0,0.0,06:40,256:23,20.0,3.8,0.0,0.0,16:10,10.0,402.0,3
2017,1,27,Canada,Morgan Frost,(C),20192020,1,5.0,2.0,4.0,20.0,4,7.0,Philadelphia Flyers,/api/v1/teams/4,National Hockey League,/api/v1/league/133,4.0,133.0,0.0,0.0,1.0,-3.0,31.0,273:40,4.0,0.0,45:17,228:04,47.31,6.5,0.0,1.0,00:19,4.0,409.0,3
2017,1,29,Finland,Henri Jokiharju,(D),20182019,1,12.0,0.0,16.0,38.0,16,12.0,Chicago Blackhawks,/api/v1/teams/16,National Hockey League,/api/v1/league/133,16.0,133.0,0.0,0.0,0.0,-7.0,62.0,721:15,48.0,1.0,37:54,652:40,0.0,0.0,0.0,0.0,30:41,37.0,946.0,2
2017,1,29,Finland,Henri Jokiharju,(D),20192020,1,11.0,4.0,32.0,69.0,32,15.0,Buffalo Sabres,/api/v1/teams/7,National Hockey League,/api/v1/league/133,7.0,133.0,1.0,0.0,0.0,-6.0,78.0,1187:58,74.0,2.0,12:57,1099:47,0.0,5.1,0.0,0.0,75:14,63.0,1524.0,3
2017,1,30,Finland,Eeli Tolvanen,(RW),20172018,1,0.0,0.0,0.0,3.0,0,0.0,Nashville Predators,/api/v1/teams/18,National Hockey League,/api/v1/league/133,18.0,133.0,0.0,0.0,0.0,0.0,3.0,36:20,2.0,0.0,02:17,34:03,0.0,0.0,0.0,0.0,00:00,1.0,57.0,1
2017,1,30,Finland,Eeli Tolvanen,(RW),20182019,1,1.0,1.0,0.0,4.0,0,2.0,Nashville Predators,/api/v1/teams/18,National Hockey League,/api/v1/league/133,18.0,133.0,0.0,0.0,0.0,2.0,2.0,53:05,4.0,1.0,05:48,47:17,0.0,50.0,0.0,0.0,00:00,2.0,68.0,2
2017,1,31,Russia,Klim Kostin,(C/LW),20192020,1,0.0,1.0,0.0,4.0,0,1.0,St. Louis Blues,/api/v1/teams/19,National Hockey League,/api/v1/league/133,19.0,133.0,0.0,0.0,0.0,1.0,5.0,34:09,6.0,0.0,00:00,34:09,0.0,20.0,0.0,0.0,00:00,0.0,51.0,3
2017,2,32,Canada,Conor Timmins,(D),20192020,1,0.0,0.0,0.0,2.0,0,0.0,Colorado Avalanche,/api/v1/teams/21,National Hockey League,/api/v1/league/133,21.0,133.0,0.0,0.0,0.0,2.0,1.0,20:49,0.0,0.0,00:04,19:32,0.0,0.0,0.0,0.0,01:13,0.0,34.0,3
2017,2,34,Canada,Nicolas Hague,(D),20192020,1,10.0,1.0,32.0,38.0,32,11.0,Vegas Golden Knights,/api/v1/teams/54,National Hockey League,/api/v1/league/133,54.0,133.0,1.0,0.0,0.0,0.0,54.0,611:24,69.0,4.0,34:44,575:43,0.0,1.9,0.0,0.0,00:57,26.0,802.0,3
2017,2,36,Sweden,Jesper Boqvist,(RW),20192020,1,0.0,4.0,8.0,35.0,8,4.0,New Jersey Devils,/api/v1/teams/1,National Hockey League,/api/v1/league/133,1.0,133.0,1.0,0.0,0.0,-11.0,41.0,383:14,37.0,1.0,28:02,354:50,31.25,9.8,0.0,0.0,00:22,16.0,514.0,3
2017,2,38,Sweden,Gustav Lindstrom,(D),20192020,1,1.0,0.0,14.0,16.0,14,1.0,Detroit Red Wings,/api/v1/teams/17,National Hockey League,/api/v1/league/133,17.0,133.0,0.0,0.0,0.0,-6.0,9.0,264:37,19.0,1.0,11:34,231:26,0.0,0.0,0.0,0.0,21:37,15.0,363.0,3
2017,2,39,United States,Jason Robertson,(RW),20192020,1,1.0,0.0,0.0,3.0,0,1.0,Dallas Stars,/api/v1/teams/25,National Hockey League,/api/v1/league/133,25.0,133.0,0.0,0.0,0.0,0.0,4.0,36:58,1.0,1.0,03:39,33:19,0.0,0.0,0.0,0.0,00:00,0.0,50.0,3
2017,2,41,Canada,Jaret Anderson-Dolan,(C),20182019,1,1.0,0.0,0.0,5.0,0,1.0,Los Angeles Kings,/api/v1/teams/26,National Hockey League,/api/v1/league/133,26.0,133.0,0.0,0.0,0.0,-2.0,6.0,58:01,5.0,0.0,08:55,49:06,44.44,0.0,0.0,0.0,00:00,2.0,75.0,2
2017,2,41,Canada,Jaret Anderson-Dolan,(C),20192020,1,0.0,0.0,0.0,4.0,0,0.0,Los Angeles Kings,/api/v1/teams/26,National Hockey League,/api/v1/league/133,26.0,133.0,0.0,0.0,0.0,-1.0,2.0,41:02,3.0,0.0,00:49,40:13,38.46,0.0,0.0,0.0,00:00,0.0,57.0,3
2017,2,42,Finland,Eetu Luostarinen,(C),20192020,1,1.0,0.0,0.0,8.0,0,1.0,Carolina Hurricanes,/api/v1/teams/12,National Hockey League,/api/v1/league/133,12.0,133.0,0.0,0.0,0.0,-2.0,9.0,79:51,9.0,0.0,00:08,79:43,52.38,0.0,0.0,0.0,00:00,2.0,110.0,3
2017,2,45,France,Alexandre Texier,(C),20182019,1,0.0,1.0,0.0,2.0,0,1.0,Columbus Blue Jackets,/api/v1/teams/29,National Hockey League,/api/v1/league/133,29.0,133.0,0.0,0.0,0.0,3.0,6.0,25:32,2.0,0.0,00:00,25:32,0.0,16.67,0.0,0.0,00:00,1.0,32.0,2
2017,2,45,France,Alexandre Texier,(C),20192020,1,7.0,6.0,10.0,36.0,10,13.0,Columbus Blue Jackets,/api/v1/teams/29,National Hockey League,/api/v1/league/133,29.0,133.0,0.0,1.0,0.0,3.0,49.0,458:56,20.0,1.0,20:03,437:34,36.51,12.2,1.0,0.0,01:19,7.0,599.0,3
2017,2,47,Canada,Alex Formenton,(LW),20172018,1,0.0,0.0,0.0,1.0,0,0.0,Ottawa Senators,/api/v1/teams/9,National Hockey League,/api/v1/league/133,9.0,133.0,0.0,0.0,0.0,0.0,0.0,04:54,1.0,0.0,00:00,04:54,0.0,0.0,0.0,0.0,00:00,1.0,7.0,1
2017,2,47,Canada,Alex Formenton,(LW),20182019,1,0.0,1.0,6.0,9.0,6,1.0,Ottawa Senators,/api/v1/teams/9,National Hockey League,/api/v1/league/133,9.0,133.0,0.0,0.0,0.0,-2.0,16.0,105:01,11.0,0.0,00:53,100:31,33.33,6.25,0.0,0.0,03:37,7.0,138.0,2
2017,2,48,Russia,Alexander Volkov,(RW),20192020,1,1.0,0.0,6.0,9.0,6,1.0,Tampa Bay Lightning,/api/v1/teams/14,National Hockey League,/api/v1/league/133,14.0,133.0,0.0,0.0,0.0,-6.0,7.0,92:21,10.0,0.0,00:00,92:21,25.0,0.0,0.0,0.0,00:00,2.0,131.0,3
2017,2,49,Canada,Mario Ferraro,(D),20192020,1,9.0,2.0,30.0,61.0,30,11.0,San Jose Sharks,/api/v1/teams/28,National Hockey League,/api/v1/league/133,28.0,133.0,0.0,0.0,0.0,-15.0,63.0,969:08,120.0,0.0,18:49,904:09,0.0,3.2,0.0,1.0,46:10,58.0,1253.0,3
2017,2,53,Canada,Jack Studnicka,(C),20192020,1,1.0,0.0,2.0,2.0,2,1.0,Boston Bruins,/api/v1/teams/6,National Hockey League,/api/v1/league/133,6.0,133.0,0.0,0.0,0.0,2.0,3.0,24:15,2.0,0.0,02:04,22:11,60.0,0.0,0.0,0.0,00:00,0.0,33.0,3
2017,3,67,Canada,Morgan Geekie,(C),20192020,1,1.0,3.0,2.0,2.0,2,4.0,Carolina Hurricanes,/api/v1/teams/12,National Hockey League,/api/v1/league/133,12.0,133.0,0.0,0.0,0.0,3.0,4.0,23:34,1.0,0.0,03:32,18:40,54.55,75.0,0.0,0.0,01:22,4.0,35.0,3
2017,3,87,Canada,Cale Fleury,(D),20192020,1,0.0,1.0,6.0,41.0,6,1.0,Montréal Canadiens,/api/v1/teams/8,National Hockey League,/api/v1/league/133,8.0,133.0,0.0,0.0,0.0,-4.0,45.0,588:25,102.0,0.0,00:29,556:16,0.0,2.2,0.0,0.0,31:40,45.0,735.0,3
2017,4,103,United States,Mikey Anderson,(D),20192020,1,0.0,1.0,0.0,6.0,0,1.0,Los Angeles Kings,/api/v1/teams/26,National Hockey League,/api/v1/league/133,26.0,133.0,0.0,1.0,0.0,4.0,9.0,108:52,10.0,0.0,00:00,100:12,0.0,11.1,0.0,0.0,08:40,10.0,127.0,3
2017,4,117,Sweden,Emil Bemstrom,(C),20192020,1,10.0,10.0,8.0,56.0,8,20.0,Columbus Blue Jackets,/api/v1/teams/29,National Hockey League,/api/v1/league/133,29.0,133.0,5.0,4.0,0.0,-10.0,97.0,687:03,52.0,8.0,75:33,611:25,30.77,10.3,1.0,0.0,00:05,17.0,907.0,3
2017,4,121,Canada,Drake Batherson,(C),20182019,1,6.0,3.0,6.0,20.0,6,9.0,Ottawa Senators,/api/v1/teams/9,National Hockey League,/api/v1/league/133,9.0,133.0,2.0,2.0,0.0,-2.0,18.0,268:18,17.0,3.0,37:31,230:47,75.0,16.67,0.0,0.0,00:00,21.0,338.0,2
2017,4,121,Canada,Drake Batherson,(C),20192020,1,7.0,3.0,13.0,23.0,13,10.0,Ottawa Senators,/api/v1/teams/9,National Hockey League,/api/v1/league/133,9.0,133.0,1.0,0.0,0.0,-12.0,32.0,357:57,51.0,6.0,51:11,306:28,57.14,9.4,0.0,0.0,00:18,11.0,500.0,3
2017,6,170,Sweden,Jonathan Davidsson,(RW),20192020,1,1.0,0.0,0.0,6.0,0,1.0,Ottawa Senators,/api/v1/teams/9,National Hockey League,/api/v1/league/133,9.0,133.0,0.0,0.0,0.0,0.0,3.0,33:08,5.0,0.0,00:00,33:08,0.0,0.0,0.0,0.0,00:00,1.0,58.0,3
2018,1,1,Sweden,Rasmus Dahlin,(D),20182019,1,35.0,9.0,34.0,82.0,34,44.0,Buffalo Sabres,/api/v1/teams/7,National Hockey League,/api/v1/league/133,7.0,133.0,5.0,4.0,0.0,-13.0,177.0,1734:45,97.0,20.0,233:49,1487:57,0.0,5.08,0.0,0.0,12:59,66.0,1905.0,1
2018,1,1,Sweden,Rasmus Dahlin,(D),20192020,1,36.0,4.0,38.0,59.0,38,40.0,Buffalo Sabres,/api/v1/teams/7,National Hockey League,/api/v1/league/133,7.0,133.0,2.0,1.0,0.0,-7.0,90.0,1138:26,72.0,19.0,198:10,934:32,0.0,4.4,0.0,0.0,05:44,51.0,1217.0,2
2018,1,1,Sweden,Rasmus Dahlin,(D),20202021,1,18.0,5.0,26.0,56.0,26,23.0,Buffalo Sabres,/api/v1/teams/7,National Hockey League,/api/v1/league/133,7.0,133.0,1.0,0.0,0.0,-36.0,115.0,1210:03,80.0,11.0,171:51,1033:32,0.0,4.3,0.0,0.0,04:40,45.0,1242.0,3
2018,1,2,Russia,Andrei Svechnikov,(RW),20182019,1,17.0,20.0,62.0,82.0,62,37.0,Carolina Hurricanes,/api/v1/teams/12,National Hockey League,/api/v1/league/133,12.0,133.0,0.0,3.0,0.0,0.0,189.0,1201:02,123.0,5.0,156:59,1042:56,14.29,10.58,1.0,0.0,01:07,26.0,1685.0,1
2018,1,2,Russia,Andrei Svechnikov,(RW),20192020,1,37.0,24.0,54.0,68.0,54,61.0,Carolina Hurricanes,/api/v1/teams/12,National Hockey League,/api/v1/league/133,12.0,133.0,6.0,5.0,0.0,9.0,183.0,1138:11,116.0,20.0,201:05,936:00,0.0,13.1,1.0,0.0,01:06,27.0,1425.0,2
2018,1,2,Russia,Andrei Svechnikov,(RW),20202021,1,27.0,15.0,44.0,55.0,44,42.0,Carolina Hurricanes,/api/v1/teams/12,National Hockey League,/api/v1/league/133,12.0,133.0,4.0,1.0,0.0,1.0,147.0,964:39,114.0,17.0,161:41,802:11,33.33,10.2,0.0,0.0,00:47,18.0,1177.0,3
2018,1,3,Finland,Jesperi Kotkaniemi,(C),20182019,1,23.0,11.0,26.0,79.0,26,34.0,Montréal Canadiens,/api/v1/teams/8,National Hockey League,/api/v1/league/133,8.0,133.0,1.0,2.0,0.0,1.0,134.0,1085:35,66.0,5.0,152:24,932:33,45.73,8.21,0.0,0.0,00:38,41.0,1452.0,1
2018,1,3,Finland,Jesperi Kotkaniemi,(C),20192020,1,2.0,6.0,23.0,36.0,23,8.0,Montréal Canadiens,/api/v1/teams/8,National Hockey League,/api/v1/league/133,8.0,133.0,1.0,0.0,0.0,-11.0,55.0,467:46,51.0,2.0,62:06,405:31,42.81,10.9,0.0,0.0,00:09,16.0,617.0,2
2018,1,3,Finland,Jesperi Kotkaniemi,(C),20202021,1,15.0,5.0,12.0,56.0,12,20.0,Montréal Canadiens,/api/v1/teams/8,National Hockey League,/api/v1/league/133,8.0,133.0,0.0,1.0,0.0,-1.0,87.0,828:37,84.0,4.0,106:01,721:35,47.91,5.7,0.0,0.0,01:01,27.0,1090.0,3
2018,1,4,United States,Brady Tkachuk,(LW),20182019,1,23.0,22.0,75.0,71.0,75,45.0,Ottawa Senators,/api/v1/teams/9,National Hockey League,/api/v1/league/133,9.0,133.0,4.0,3.0,0.0,-10.0,214.0,1137:46,174.0,10.0,158:50,975:32,48.99,10.28,1.0,0.0,03:24,26.0,1442.0,1
2018,1,4,United States,Brady Tkachuk,(LW),20192020,1,23.0,21.0,106.0,71.0,106,44.0,Ottawa Senators,/api/v1/teams/9,National Hockey League,/api/v1/league/133,9.0,133.0,2.0,3.0,0.0,-14.0,259.0,1344:20,303.0,8.0,207:46,1133:12,46.15,8.1,1.0,0.0,03:22,43.0,1778.0,2
2018,1,4,United States,Brady Tkachuk,(LW),20202021,1,19.0,17.0,69.0,56.0,69,36.0,Ottawa Senators,/api/v1/teams/9,National Hockey League,/api/v1/league/133,9.0,133.0,5.0,3.0,0.0,-17.0,220.0,1020:52,248.0,10.0,183:54,835:43,47.39,7.7,1.0,0.0,01:15,23.0,1303.0,3
2018,1,5,Canada,Barrett Hayton,(C),20192020,1,3.0,1.0,14.0,20.0,14,4.0,Arizona Coyotes,/api/v1/teams/53,National Hockey League,/api/v1/league/133,53.0,133.0,0.0,1.0,0.0,2.0,27.0,222:51,14.0,0.0,06:05,216:41,37.7,3.7,0.0,0.0,00:05,3.0,324.0,2
2018,1,5,Canada,Barrett Hayton,(C),20202021,1,1.0,2.0,0.0,14.0,0,3.0,Arizona Coyotes,/api/v1/teams/53,National Hockey League,/api/v1/league/133,53.0,133.0,0.0,0.0,0.0,-1.0,10.0,160:51,15.0,0.0,31:31,129:20,50.0,20.0,0.0,0.0,00:00,3.0,224.0,3
2018,1,6,Czech Republic,Filip Zadina,(RW),20182019,1,2.0,1.0,0.0,9.0,0,3.0,Detroit Red Wings,/api/v1/teams/17,National Hockey League,/api/v1/league/133,17.0,133.0,1.0,0.0,0.0,-5.0,18.0,138:28,6.0,2.0,20:44,117:44,50.0,5.56,0.0,0.0,00:00,3.0,182.0,1
2018,1,6,Czech Republic,Filip Zadina,(RW),20192020,1,7.0,8.0,2.0,28.0,2,15.0,Detroit Red Wings,/api/v1/teams/17,National Hockey League,/api/v1/league/133,17.0,133.0,4.0,1.0,0.0,-13.0,60.0,424:51,11.0,7.0,70:50,353:41,100.0,13.3,0.0,0.0,00:20,10.0,514.0,2
2018,1,6,Czech Republic,Filip Zadina,(RW),20202021,1,13.0,6.0,0.0,49.0,0,19.0,Detroit Red Wings,/api/v1/teams/17,National Hockey League,/api/v1/league/133,17.0,133.0,3.0,1.0,0.0,-4.0,97.0,823:29,22.0,6.0,105:10,717:44,33.33,6.2,0.0,0.0,00:35,22.0,960.0,3
2018,1,7,United States,Quinn Hughes,(D),20182019,1,3.0,0.0,2.0,5.0,2,3.0,Vancouver Canucks,/api/v1/teams/23,National Hockey League,/api/v1/league/133,23.0,133.0,0.0,0.0,0.0,0.0,6.0,90:24,1.0,2.0,06:24,84:00,0.0,0.0,0.0,0.0,00:00,1.0,109.0,1
2018,1,7,United States,Quinn Hughes,(D),20192020,1,45.0,8.0,22.0,68.0,22,53.0,Vancouver Canucks,/api/v1/teams/23,National Hockey League,/api/v1/league/133,23.0,133.0,3.0,2.0,0.0,-10.0,126.0,1488:09,7.0,25.0,258:41,1226:20,0.0,6.3,1.0,0.0,03:08,46.0,1625.0,2
2018,1,7,United States,Quinn Hughes,(D),20202021,1,38.0,3.0,22.0,56.0,22,41.0,Vancouver Canucks,/api/v1/teams/23,National Hockey League,/api/v1/league/133,23.0,133.0,0.0,0.0,0.0,-24.0,98.0,1277:03,18.0,19.0,205:26,1068:29,0.0,3.1,0.0,0.0,03:08,43.0,1303.0,3
2018,1,8,Sweden,Adam Boqvist,(D),20192020,1,9.0,4.0,6.0,41.0,6,13.0,Chicago Blackhawks,/api/v1/teams/16,National Hockey League,/api/v1/league/133,16.0,133.0,0.0,1.0,0.0,-3.0,50.0,665:07,33.0,2.0,88:59,575:27,0.0,8.0,0.0,0.0,00:41,43.0,805.0,2
2018,1,8,Sweden,Adam Boqvist,(D),20202021,1,14.0,2.0,14.0,35.0,14,16.0,Chicago Blackhawks,/api/v1/teams/16,National Hockey League,/api/v1/league/133,16.0,133.0,1.0,0.0,0.0,-7.0,39.0,594:39,29.0,8.0,118:17,474:10,0.0,5.1,0.0,0.0,02:12,29.0,689.0,3
2018,1,9,Russia,Vitali Kravtsov,(RW),20202021,1,2.0,2.0,4.0,20.0,4,4.0,New York Rangers,/api/v1/teams/3,National Hockey League,/api/v1/league/133,3.0,133.0,0.0,0.0,0.0,-6.0,23.0,247:56,7.0,0.0,03:36,243:52,0.0,8.7,0.0,0.0,00:28,6.0,334.0,3
2018,1,10,Canada,Evan Bouchard,(D),20182019,1,0.0,1.0,2.0,7.0,2,1.0,Edmonton Oilers,/api/v1/teams/22,National Hockey League,/api/v1/league/133,22.0,133.0,1.0,0.0,0.0,-5.0,10.0,86:29,6.0,1.0,10:11,75:42,0.0,10.0,0.0,0.0,00:36,8.0,112.0,1
2018,1,10,Canada,Evan Bouchard,(D),20202021,1,3.0,2.0,2.0,14.0,2,5.0,Edmonton Oilers,/api/v1/teams/22,National Hockey League,/api/v1/league/133,22.0,133.0,1.0,0.0,0.0,-2.0,38.0,207:41,11.0,1.0,09:49,194:06,0.0,5.3,0.0,0.0,03:46,11.0,254.0,3
2018,1,11,United States,Oliver Wahlstrom,(RW),20192020,1,0.0,0.0,4.0,9.0,4,0.0,New York Islanders,/api/v1/teams/2,National Hockey League,/api/v1/league/133,2.0,133.0,0.0,0.0,0.0,-2.0,9.0,92:36,10.0,0.0,08:30,84:06,0.0,0.0,0.0,0.0,00:00,4.0,126.0,2
2018,1,11,United States,Oliver Wahlstrom,(RW),20202021,1,9.0,12.0,21.0,44.0,21,21.0,New York Islanders,/api/v1/teams/2,National Hockey League,/api/v1/league/133,2.0,133.0,4.0,1.0,0.0,2.0,94.0,544:59,57.0,10.0,76:25,467:51,41.67,12.8,0.0,0.0,00:43,14.0,730.0,3
2018,1,12,Canada,Noah Dobson,(D),20192020,1,6.0,1.0,8.0,34.0,8,7.0,New York Islanders,/api/v1/teams/2,National Hockey League,/api/v1/league/133,2.0,133.0,0.0,0.0,0.0,-1.0,37.0,451:25,25.0,1.0,30:27,419:01,0.0,2.7,0.0,0.0,01:57,31.0,589.0,2
2018,1,12,Canada,Noah Dobson,(D),20202021,1,11.0,3.0,8.0,46.0,8,14.0,New York Islanders,/api/v1/teams/2,National Hockey League,/api/v1/league/133,2.0,133.0,0.0,0.0,0.0,1.0,69.0,754:07,40.0,5.0,85:11,666:01,0.0,4.3,0.0,0.0,02:55,59.0,954.0,3
2018,1,13,Canada,Ty Dellandrea,(C),20202021,1,2.0,3.0,23.0,26.0,23,5.0,Dallas Stars,/api/v1/teams/25,National Hockey League,/api/v1/league/133,25.0,133.0,2.0,0.0,0.0,0.0,31.0,324:38,47.0,3.0,36:19,277:08,45.0,9.7,0.0,0.0,11:11,10.0,483.0,3
2018,1,14,United States,Joel Farabee,(LW),20192020,1,13.0,8.0,39.0,52.0,39,21.0,Philadelphia Flyers,/api/v1/teams/4,National Hockey League,/api/v1/league/133,4.0,133.0,1.0,1.0,0.0,6.0,81.0,733:29,31.0,2.0,70:27,649:10,30.0,9.9,0.0,0.0,13:52,18.0,1013.0,2
2018,1,14,United States,Joel Farabee,(LW),20202021,1,18.0,20.0,28.0,55.0,28,38.0,Philadelphia Flyers,/api/v1/teams/4,National Hockey League,/api/v1/league/133,4.0,133.0,3.0,1.0,0.0,0.0,122.0,881:00,48.0,7.0,109:55,689:30,40.0,16.4,0.0,0.0,81:35,21.0,1233.0,3
2018,1,15,Russia,Grigori Denisenko,(LW),20202021,1,4.0,0.0,2.0,7.0,2,4.0,Florida Panthers,/api/v1/teams/13,National Hockey League,/api/v1/league/133,13.0,133.0,0.0,0.0,0.0,1.0,6.0,83:35,15.0,0.0,01:10,82:25,50.0,0.0,0.0,0.0,00:00,2.0,115.0,3
2018,1,16,Czech Republic,Martin Kaut,(RW),20192020,1,1.0,2.0,2.0,9.0,2,3.0,Colorado Avalanche,/api/v1/teams/21,National Hockey League,/api/v1/league/133,21.0,133.0,1.0,0.0,0.0,-1.0,13.0,91:14,9.0,1.0,06:55,84:19,100.0,15.4,0.0,0.0,00:00,0.0,130.0,2
2018,1,16,Czech Republic,Martin Kaut,(RW),20202021,1,0.0,0.0,4.0,5.0,4,0.0,Colorado Avalanche,/api/v1/teams/21,National Hockey League,/api/v1/league/133,21.0,133.0,0.0,0.0,0.0,-1.0,2.0,39:59,6.0,0.0,00:12,39:47,0.0,0.0,0.0,0.0,00:00,1.0,57.0,3
2018,1,17,Canada,Ty Smith,(D),20202021,1,21.0,2.0,22.0,48.0,22,23.0,New Jersey Devils,/api/v1/teams/1,National Hockey League,/api/v1/league/133,1.0,133.0,1.0,0.0,0.0,-9.0,69.0,965:54,32.0,7.0,122:21,838:10,0.0,2.9,0.0,0.0,05:23,35.0,1096.0,3
2018,1,18,Canada,Liam Foudy,(C),20192020,1,1.0,0.0,0.0,2.0,0,1.0,Columbus Blue Jackets,/api/v1/teams/29,National Hockey League,/api/v1/league/133,29.0,133.0,0.0,0.0,0.0,1.0,3.0,28:26,3.0,0.0,00:00,28:26,0.0,0.0,0.0,0.0,00:00,0.0,33.0,2
2018,1,18,Canada,Liam Foudy,(C),20202021,1,4.0,0.0,6.0,24.0,6,4.0,Columbus Blue Jackets,/api/v1/teams/29,National Hockey League,/api/v1/league/133,29.0,133.0,0.0,0.0,0.0,0.0,40.0,302:14,13.0,0.0,00:28,290:05,20.0,0.0,0.0,0.0,11:41,5.0,382.0,3
2018,1,20,Finland,Rasmus Kupari,(C),20202021,1,0.0,1.0,2.0,7.0,2,1.0,Los Angeles Kings,/api/v1/teams/26,National Hockey League,/api/v1/league/133,26.0,133.0,0.0,0.0,0.0,-5.0,8.0,80:18,7.0,0.0,05:39,74:29,53.85,12.5,0.0,0.0,00:10,3.0,109.0,3
2018,1,22,United States,K'Andre Miller,(D),20202021,1,7.0,5.0,20.0,53.0,20,12.0,New York Rangers,/api/v1/teams/3,National Hockey League,/api/v1/league/133,3.0,133.0,0.0,1.0,0.0,9.0,62.0,1118:49,93.0,1.0,53:53,976:28,0.0,8.1,0.0,1.0,88:28,77.0,1398.0,3
2018,1,23,Sweden,Isac Lundestrom,(C),20182019,1,2.0,0.0,2.0,15.0,2,2.0,Anaheim Ducks,/api/v1/teams/24,National Hockey League,/api/v1/league/133,24.0,133.0,0.0,0.0,0.0,-1.0,13.0,195:26,4.0,0.0,05:53,177:38,32.81,0.0,0.0,0.0,11:55,5.0,277.0,1
2018,1,23,Sweden,Isac Lundestrom,(C),20192020,1,4.0,0.0,0.0,15.0,0,4.0,Anaheim Ducks,/api/v1/teams/24,National Hockey League,/api/v1/league/133,24.0,133.0,0.0,0.0,0.0,-2.0,10.0,208:39,5.0,1.0,23:46,181:06,46.76,0.0,0.0,0.0,03:47,8.0,291.0,2
2018,1,23,Sweden,Isac Lundestrom,(C),20202021,1,3.0,6.0,14.0,41.0,14,9.0,Anaheim Ducks,/api/v1/teams/24,National Hockey League,/api/v1/league/133,24.0,133.0,0.0,0.0,0.0,-9.0,52.0,624:57,16.0,0.0,11:28,550:30,47.49,11.5,0.0,0.0,62:59,19.0,869.0,3
2018,1,26,Canada,Jacob Bernard-Docker,(D),20202021,1,0.0,0.0,0.0,5.0,0,0.0,Ottawa Senators,/api/v1/teams/9,National Hockey League,/api/v1/league/133,9.0,133.0,0.0,0.0,0.0,2.0,6.0,68:18,3.0,0.0,00:00,66:26,0.0,0.0,0.0,0.0,01:52,5.0,90.0,3
2018,1,27,Canada,Nicolas Beaudin,(D),20192020,1,0.0,0.0,0.0,1.0,0,0.0,Chicago Blackhawks,/api/v1/teams/16,National Hockey League,/api/v1/league/133,16.0,133.0,0.0,0.0,0.0,1.0,2.0,17:01,2.0,0.0,00:00,17:01,0.0,0.0,0.0,0.0,00:00,2.0,24.0,2
2018,1,27,Canada,Nicolas Beaudin,(D),20202021,1,4.0,2.0,2.0,19.0,2,6.0,Chicago Blackhawks,/api/v1/teams/16,National Hockey League,/api/v1/league/133,16.0,133.0,0.0,0.0,0.0,1.0,7.0,261:48,14.0,1.0,22:26,239:10,0.0,28.6,0.0,0.0,00:12,21.0,317.0,3
2018,1,29,Sweden,Rasmus Sandin,(D),20192020,1,7.0,1.0,10.0,28.0,10,8.0,Toronto Maple Leafs,/api/v1/teams/10,National Hockey League,/api/v1/league/133,10.0,133.0,0.0,1.0,0.0,-7.0,22.0,400:49,33.0,2.0,20:43,372:37,0.0,4.5,0.0,0.0,07:29,22.0,534.0,2
2018,1,29,Sweden,Rasmus Sandin,(D),20202021,1,4.0,0.0,0.0,9.0,0,4.0,Toronto Maple Leafs,/api/v1/teams/10,National Hockey League,/api/v1/league/133,10.0,133.0,0.0,0.0,0.0,6.0,9.0,131:57,11.0,0.0,15:51,115:54,0.0,0.0,0.0,0.0,00:12,7.0,173.0,3
2018,1,30,Canada,Joe Veleno,(C),20202021,1,0.0,1.0,4.0,5.0,4,1.0,Detroit Red Wings,/api/v1/teams/17,National Hockey League,/api/v1/league/133,17.0,133.0,1.0,0.0,0.0,0.0,8.0,75:31,7.0,1.0,08:02,67:17,50.0,12.5,0.0,0.0,00:12,4.0,93.0,3
2018,2,32,United States,Mattias Samuelsson,(D),20202021,1,2.0,0.0,4.0,12.0,4,2.0,Buffalo Sabres,/api/v1/teams/7,National Hockey League,/api/v1/league/133,7.0,133.0,0.0,0.0,0.0,-8.0,10.0,216:22,20.0,0.0,00:00,194:45,0.0,0.0,0.0,0.0,21:37,10.0,249.0,3
2018,2,35,Finland,Jesse Ylonen,(RW),20202021,1,0.0,0.0,0.0,1.0,0,0.0,Montréal Canadiens,/api/v1/teams/8,National Hockey League,/api/v1/league/133,8.0,133.0,0.0,0.0,0.0,0.0,1.0,11:23,0.0,0.0,01:18,10:05,0.0,0.0,0.0,0.0,00:00,0.0,14.0,3
2018,2,38,Russia,Alexander Romanov,(D),20202021,1,5.0,1.0,21.0,54.0,21,6.0,Montréal Canadiens,/api/v1/teams/8,National Hockey League,/api/v1/league/133,8.0,133.0,0.0,0.0,0.0,1.0,71.0,931:50,138.0,1.0,40:08,845:49,0.0,1.4,0.0,0.0,45:53,60.0,1075.0,3
2018,2,40,Canada,Ryan McLeod,(C),20202021,1,1.0,0.0,0.0,10.0,0,1.0,Edmonton Oilers,/api/v1/teams/22,National Hockey League,/api/v1/league/133,22.0,133.0,0.0,0.0,0.0,-2.0,3.0,127:53,3.0,0.0,06:41,110:18,50.62,0.0,0.0,0.0,10:54,5.0,167.0,3
2018,2,46,Slovakia,Martin Fehervary,(D),20192020,1,1.0,0.0,6.0,6.0,6,1.0,Washington Capitals,/api/v1/teams/15,National Hockey League,/api/v1/league/133,15.0,133.0,0.0,0.0,0.0,-2.0,7.0,95:51,14.0,0.0,00:17,90:49,0.0,0.0,0.0,0.0,04:45,2.0,130.0,2
2018,2,53,Canada,Calen Addison,(D),20202021,1,0.0,0.0,0.0,3.0,0,0.0,Minnesota Wild,/api/v1/teams/30,National Hockey League,/api/v1/league/133,30.0,133.0,0.0,0.0,0.0,0.0,4.0,55:33,2.0,0.0,08:14,47:19,0.0,0.0,0.0,0.0,00:00,1.0,62.0,3
2018,2,55,Canada,Kevin Bahl,(D),20202021,1,2.0,0.0,0.0,7.0,0,2.0,New Jersey Devils,/api/v1/teams/1,National Hockey League,/api/v1/league/133,1.0,133.0,0.0,0.0,0.0,0.0,5.0,118:25,18.0,0.0,00:15,110:48,0.0,0.0,0.0,0.0,07:22,6.0,154.0,3
2018,2,60,Sweden,David Gustafsson,(C),20192020,1,0.0,1.0,0.0,22.0,0,1.0,Winnipeg Jets,/api/v1/teams/52,National Hockey League,/api/v1/league/133,52.0,133.0,0.0,1.0,0.0,-2.0,4.0,135:08,5.0,0.0,00:11,133:57,53.97,25.0,0.0,0.0,01:00,6.0,190.0,2
2018,2,60,Sweden,David Gustafsson,(C),20202021,1,0.0,0.0,0.0,4.0,0,0.0,Winnipeg Jets,/api/v1/teams/52,National Hockey League,/api/v1/league/133,52.0,133.0,0.0,0.0,0.0,-1.0,1.0,23:16,0.0,0.0,00:08,23:08,52.38,0.0,0.0,0.0,00:00,0.0,36.0,3
2018,3,65,Czech Republic,Jan Jenik,(RW),20202021,1,0.0,2.0,0.0,2.0,0,2.0,Arizona Coyotes,/api/v1/teams/53,National Hockey League,/api/v1/league/133,53.0,133.0,0.0,0.0,0.0,3.0,3.0,24:10,2.0,0.0,00:00,24:10,52.17,66.7,0.0,0.0,00:00,0.0,32.0,3
2018,3,67,United States,Alec Regula,(D),20202021,1,0.0,0.0,0.0,3.0,0,0.0,Chicago Blackhawks,/api/v1/teams/16,National Hockey League,/api/v1/league/133,16.0,133.0,0.0,0.0,0.0,-1.0,1.0,37:08,3.0,0.0,01:37,35:31,0.0,0.0,0.0,0.0,00:00,3.0,43.0,3
2018,3,88,United States,Joey Keane,(D),20202021,1,0.0,0.0,0.0,1.0,0,0.0,Carolina Hurricanes,/api/v1/teams/12,National Hockey League,/api/v1/league/133,12.0,133.0,0.0,0.0,0.0,-1.0,1.0,19:34,2.0,0.0,02:39,16:55,0.0,0.0,0.0,0.0,00:00,0.0,24.0,3
2018,4,98,United States,Ryan O'Reilly,(RW),20182019,1,49.0,28.0,12.0,82.0,12,77.0,St. Louis Blues,/api/v1/teams/19,National Hockey League,/api/v1/league/133,19.0,133.0,6.0,5.0,1.0,22.0,234.0,1702:13,31.0,22.0,234:08,1304:28,56.86,11.97,2.0,3.0,163:37,36.0,2103.0,1
2018,4,98,United States,Ryan O'Reilly,(RW),20192020,1,49.0,12.0,10.0,71.0,10,61.0,St. Louis Blues,/api/v1/teams/19,National Hockey League,/api/v1/league/133,19.0,133.0,2.0,3.0,1.0,11.0,118.0,1460:45,16.0,18.0,205:23,1103:07,56.56,10.2,1.0,1.0,152:15,42.0,1737.0,2
2018,4,98,United States,Ryan O'Reilly,(RW),20202021,1,30.0,24.0,18.0,56.0,18,54.0,St. Louis Blues,/api/v1/teams/19,National Hockey League,/api/v1/league/133,19.0,133.0,4.0,4.0,2.0,26.0,129.0,1161:56,24.0,12.0,148:36,899:11,58.78,18.6,2.0,2.0,114:09,26.0,1392.0,3
2018,4,120,Switzerland,Philipp Kurashev,(C),20202021,1,8.0,8.0,12.0,54.0,12,16.0,Chicago Blackhawks,/api/v1/teams/16,National Hockey League,/api/v1/league/133,16.0,133.0,2.0,1.0,0.0,-9.0,65.0,706:13,32.0,5.0,76:47,629:06,41.13,12.3,0.0,0.0,00:20,18.0,884.0,3
2018,5,141,Belarus,Yegor Sharangovich,(C),20202021,1,14.0,16.0,4.0,54.0,4,30.0,New Jersey Devils,/api/v1/teams/1,National Hockey League,/api/v1/league/133,1.0,133.0,2.0,3.0,1.0,-4.0,114.0,907:36,20.0,2.0,54:06,757:13,28.26,14.0,1.0,1.0,96:17,20.0,1200.0,3
2018,6,182,United States,John Leonard,(LW),20202021,1,10.0,3.0,2.0,44.0,2,13.0,San Jose Sharks,/api/v1/teams/28,National Hockey League,/api/v1/league/133,28.0,133.0,1.0,0.0,0.0,-7.0,60.0,494:51,25.0,1.0,39:59,454:03,0.0,5.0,0.0,0.0,00:49,17.0,708.0,3
2019,1,2,Finland,Kaapo Kakko,(RW),20192020,1,13.0,10.0,14.0,66.0,14,23.0,New York Rangers,/api/v1/teams/3,National Hockey League,/api/v1/league/133,3.0,133.0,2.0,3.0,0.0,-26.0,109.0,942:24,20.0,13.0,147:01,794:09,33.33,9.2,1.0,0.0,01:14,11.0,1179.0,1
2019,1,2,Finland,Kaapo Kakko,(RW),20202021,1,8.0,9.0,10.0,48.0,10,17.0,New York Rangers,/api/v1/teams/3,National Hockey League,/api/v1/league/133,3.0,133.0,2.0,0.0,0.0,3.0,81.0,688:41,14.0,3.0,63:23,625:18,42.86,11.1,0.0,0.0,00:00,16.0,896.0,2
2019,1,2,Finland,Kaapo Kakko,(RW),20212022,1,11.0,7.0,10.0,43.0,10,18.0,New York Rangers,/api/v1/teams/3,National Hockey League,/api/v1/league/133,3.0,133.0,1.0,2.0,0.0,9.0,62.0,664:10,8.0,2.0,52:59,591:52,14.29,11.3,0.0,0.0,19:19,15.0,828.0,3
2019,1,3,Canada,Kirby Dach,(C),20192020,1,15.0,8.0,24.0,64.0,24,23.0,Chicago Blackhawks,/api/v1/teams/16,National Hockey League,/api/v1/league/133,16.0,133.0,0.0,2.0,0.0,-1.0,101.0,913:00,33.0,3.0,100:25,810:19,33.78,7.9,0.0,0.0,02:16,23.0,1103.0,1
2019,1,3,Canada,Kirby Dach,(C),20202021,1,8.0,2.0,4.0,18.0,4,10.0,Chicago Blackhawks,/api/v1/teams/16,National Hockey League,/api/v1/league/133,16.0,133.0,1.0,0.0,0.0,-3.0,26.0,334:17,7.0,1.0,59:59,252:29,40.31,7.7,0.0,0.0,21:49,12.0,364.0,2
2019,1,3,Canada,Kirby Dach,(C),20212022,1,17.0,9.0,43.0,70.0,43,26.0,Chicago Blackhawks,/api/v1/teams/16,National Hockey League,/api/v1/league/133,16.0,133.0,2.0,0.0,0.0,-18.0,116.0,1263:06,49.0,6.0,134:11,1051:13,32.84,7.8,0.0,1.0,77:42,44.0,1526.0,3
2019,1,4,Canada,Bowen Byram,(D),20202021,1,2.0,0.0,23.0,19.0,23,2.0,Colorado Avalanche,/api/v1/teams/21,National Hockey League,/api/v1/league/133,21.0,133.0,0.0,0.0,0.0,1.0,21.0,332:43,33.0,0.0,14:48,311:39,0.0,0.0,0.0,0.0,06:16,13.0,422.0,2
2019,1,4,Canada,Bowen Byram,(D),20212022,1,12.0,5.0,12.0,30.0,12,17.0,Colorado Avalanche,/api/v1/teams/21,National Hockey League,/api/v1/league/133,21.0,133.0,1.0,2.0,0.0,7.0,49.0,564:14,53.0,1.0,29:03,526:18,0.0,10.2,0.0,0.0,08:53,26.0,708.0,3
2019,1,5,United States,Alex Turcotte,(C),20212022,1,0.0,0.0,2.0,8.0,2,0.0,Los Angeles Kings,/api/v1/teams/26,National Hockey League,/api/v1/league/133,26.0,133.0,0.0,0.0,0.0,0.0,13.0,90:11,8.0,0.0,02:07,87:13,41.38,0.0,0.0,0.0,00:51,2.0,134.0,3
2019,1,6,Germany,Moritz Seider,(D),20212022,1,43.0,7.0,34.0,82.0,34,50.0,Detroit Red Wings,/api/v1/teams/17,National Hockey League,/api/v1/league/133,17.0,133.0,2.0,4.0,0.0,-9.0,187.0,1889:22,151.0,21.0,237:01,1497:51,0.0,3.7,2.0,2.0,154:30,161.0,2113.0,3
2019,1,7,Canada,Dylan Cozens,(C),20202021,1,9.0,4.0,16.0,41.0,16,13.0,Buffalo Sabres,/api/v1/teams/7,National Hockey League,/api/v1/league/133,7.0,133.0,1.0,0.0,0.0,-15.0,62.0,588:36,30.0,1.0,70:17,516:51,47.52,6.5,0.0,0.0,01:28,11.0,755.0,2
2019,1,7,Canada,Dylan Cozens,(C),20212022,1,25.0,13.0,55.0,79.0,55,38.0,Buffalo Sabres,/api/v1/teams/7,National Hockey League,/api/v1/league/133,7.0,133.0,2.0,1.0,0.0,-19.0,160.0,1255:30,35.0,9.0,152:04,1064:18,45.6,8.1,0.0,1.0,39:08,22.0,1596.0,3
2019,1,8,Sweden,Philip Broberg,(D),20212022,1,2.0,1.0,8.0,23.0,8,3.0,Edmonton Oilers,/api/v1/teams/22,National Hockey League,/api/v1/league/133,22.0,133.0,0.0,0.0,0.0,-8.0,29.0,309:48,10.0,0.0,09:06,284:12,0.0,3.4,0.0,0.0,16:30,10.0,410.0,3
2019,1,9,United States,Trevor Zegras,(C),20202021,1,10.0,3.0,12.0,24.0,12,13.0,Anaheim Ducks,/api/v1/teams/24,National Hockey League,/api/v1/league/133,24.0,133.0,0.0,0.0,0.0,6.0,53.0,369:32,7.0,0.0,51:48,317:19,43.75,5.7,0.0,0.0,00:25,4.0,465.0,2
2019,1,9,United States,Trevor Zegras,(C),20212022,1,38.0,23.0,50.0,75.0,50,61.0,Anaheim Ducks,/api/v1/teams/24,National Hockey League,/api/v1/league/133,24.0,133.0,9.0,5.0,0.0,-21.0,181.0,1343:02,56.0,17.0,197:05,1144:51,39.89,12.7,1.0,0.0,01:06,27.0,1580.0,3
2019,1,10,Russia,Vasily Podkolzin,(RW),20212022,1,12.0,14.0,26.0,79.0,26,26.0,Vancouver Canucks,/api/v1/teams/23,National Hockey League,/api/v1/league/133,23.0,133.0,2.0,3.0,0.0,7.0,115.0,1010:35,84.0,3.0,51:14,953:49,42.11,12.2,0.0,0.0,05:32,33.0,1392.0,3
2019,1,11,Sweden,Victor Soderstrom,(D),20202021,1,1.0,1.0,0.0,4.0,0,2.0,Arizona Coyotes,/api/v1/teams/53,National Hockey League,/api/v1/league/133,53.0,133.0,0.0,0.0,0.0,4.0,6.0,65:14,4.0,0.0,05:41,58:40,0.0,16.7,0.0,0.0,00:53,0.0,83.0,2
2019,1,11,Sweden,Victor Soderstrom,(D),20212022,1,0.0,0.0,6.0,16.0,6,0.0,Arizona Coyotes,/api/v1/teams/53,National Hockey League,/api/v1/league/133,53.0,133.0,0.0,0.0,0.0,-7.0,14.0,261:08,14.0,0.0,13:22,240:49,0.0,0.0,0.0,0.0,06:57,23.0,338.0,3
2019,1,15,United States,Cole Caufield,(RW),20202021,1,1.0,4.0,2.0,10.0,2,5.0,Montréal Canadiens,/api/v1/teams/8,National Hockey League,/api/v1/league/133,8.0,133.0,0.0,2.0,0.0,-1.0,30.0,139:36,3.0,0.0,15:58,123:38,0.0,13.3,2.0,0.0,00:00,0.0,191.0,2
2019,1,15,United States,Cole Caufield,(RW),20212022,1,20.0,23.0,10.0,67.0,10,43.0,Montréal Canadiens,/api/v1/teams/8,National Hockey League,/api/v1/league/133,8.0,133.0,5.0,3.0,0.0,-24.0,188.0,1117:35,18.0,13.0,191:09,925:39,50.0,12.2,2.0,0.0,00:47,7.0,1380.0,3
2019,1,16,Canada,Alex Newhook,(C),20202021,1,3.0,0.0,2.0,6.0,2,3.0,Colorado Avalanche,/api/v1/teams/21,National Hockey League,/api/v1/league/133,21.0,133.0,0.0,0.0,0.0,5.0,8.0,82:04,3.0,0.0,06:01,75:05,43.24,0.0,0.0,0.0,00:58,1.0,109.0,2
2019,1,16,Canada,Alex Newhook,(C),20212022,1,20.0,13.0,12.0,71.0,12,33.0,Colorado Avalanche,/api/v1/teams/21,National Hockey League,/api/v1/league/133,21.0,133.0,3.0,5.0,0.0,11.0,113.0,963:04,40.0,6.0,97:41,859:20,34.69,11.5,0.0,0.0,06:03,36.0,1262.0,3
2019,1,17,Canada,Peyton Krebs,(C),20202021,1,1.0,0.0,0.0,4.0,0,1.0,Vegas Golden Knights,/api/v1/teams/54,National Hockey League,/api/v1/league/133,54.0,133.0,0.0,0.0,0.0,1.0,1.0,45:44,4.0,0.0,03:00,42:44,66.67,0.0,0.0,0.0,00:00,1.0,59.0,2
2019,1,17,Canada,Peyton Krebs,(C),20212022,1,0.0,0.0,2.0,9.0,2,0.0,Vegas Golden Knights,/api/v1/teams/54,National Hockey League,/api/v1/league/133,54.0,133.0,0.0,0.0,0.0,-6.0,10.0,123:33,6.0,0.0,07:02,115:17,37.5,0.0,0.0,0.0,01:14,3.0,173.0,3
2019,1,17,Canada,Peyton Krebs,(C),20212022,2,15.0,7.0,20.0,48.0,20,22.0,Buffalo Sabres,/api/v1/teams/7,National Hockey League,/api/v1/league/133,7.0,133.0,0.0,2.0,0.0,-20.0,46.0,707:47,19.0,10.0,111:10,591:56,35.15,15.2,0.0,0.0,04:41,5.0,903.0,3
2019,1,18,Canada,Thomas Harley,(D),20212022,1,3.0,1.0,6.0,34.0,6,4.0,Dallas Stars,/api/v1/teams/25,National Hockey League,/api/v1/league/133,25.0,133.0,0.0,0.0,0.0,-4.0,36.0,465:27,30.0,0.0,01:01,464:17,0.0,2.8,0.0,0.0,00:09,30.0,592.0,3
2019,1,19,Finland,Lassi Thomson,(D),20212022,1,5.0,0.0,2.0,16.0,2,5.0,Ottawa Senators,/api/v1/teams/9,National Hockey League,/api/v1/league/133,9.0,133.0,0.0,0.0,0.0,-8.0,18.0,275:53,23.0,1.0,18:41,246:56,0.0,0.0,0.0,0.0,10:16,9.0,350.0,3
2019,1,20,Finland,Ville Heinola,(D),20192020,1,4.0,1.0,4.0,8.0,4,5.0,Winnipeg Jets,/api/v1/teams/52,National Hockey League,/api/v1/league/133,52.0,133.0,0.0,0.0,0.0,3.0,10.0,144:30,3.0,1.0,07:10,136:43,0.0,10.0,0.0,0.0,00:37,5.0,177.0,1
2019,1,20,Finland,Ville Heinola,(D),20202021,1,0.0,0.0,2.0,5.0,2,0.0,Winnipeg Jets,/api/v1/teams/52,National Hockey League,/api/v1/league/133,52.0,133.0,0.0,0.0,0.0,-2.0,9.0,77:39,2.0,0.0,03:30,73:02,0.0,0.0,0.0,0.0,01:07,9.0,106.0,2
2019,1,20,Finland,Ville Heinola,(D),20212022,1,5.0,0.0,10.0,12.0,10,5.0,Winnipeg Jets,/api/v1/teams/52,National Hockey League,/api/v1/league/133,52.0,133.0,0.0,0.0,0.0,-2.0,25.0,178:43,9.0,0.0,08:13,169:52,0.0,0.0,0.0,0.0,00:38,7.0,232.0,3
2019,1,22,Sweden,Tobias Bjornfot,(D),20192020,1,0.0,0.0,0.0,3.0,0,0.0,Los Angeles Kings,/api/v1/teams/26,National Hockey League,/api/v1/league/133,26.0,133.0,0.0,0.0,0.0,-4.0,0.0,38:55,0.0,0.0,00:00,35:56,0.0,0.0,0.0,0.0,02:59,0.0,58.0,1
2019,1,22,Sweden,Tobias Bjornfot,(D),20202021,1,5.0,1.0,14.0,33.0,14,6.0,Los Angeles Kings,/api/v1/teams/26,National Hockey League,/api/v1/league/133,26.0,133.0,0.0,0.0,0.0,-3.0,30.0,555:49,28.0,0.0,03:16,511:14,0.0,3.3,0.0,0.0,41:19,34.0,684.0,2
2019,1,22,Sweden,Tobias Bjornfot,(D),20212022,1,8.0,0.0,6.0,70.0,6,8.0,Los Angeles Kings,/api/v1/teams/26,National Hockey League,/api/v1/league/133,26.0,133.0,0.0,0.0,0.0,-12.0,53.0,1173:24,61.0,0.0,05:39,1092:41,0.0,0.0,0.0,0.0,75:04,58.0,1476.0,3
2019,1,24,Canada,Philip Tomasino,(C),20212022,1,21.0,11.0,10.0,76.0,10,32.0,Nashville Predators,/api/v1/teams/18,National Hockey League,/api/v1/league/133,18.0,133.0,3.0,3.0,0.0,2.0,111.0,876:46,49.0,9.0,102:01,774:45,38.89,9.9,0.0,0.0,00:00,28.0,1123.0,3
2019,1,25,Canada,Connor McMichael,(C),20202021,1,0.0,0.0,2.0,1.0,2,0.0,Washington Capitals,/api/v1/teams/15,National Hockey League,/api/v1/league/133,15.0,133.0,0.0,0.0,0.0,0.0,1.0,09:54,0.0,0.0,00:00,09:54,100.0,0.0,0.0,0.0,00:00,0.0,13.0,2
2019,1,25,Canada,Connor McMichael,(C),20212022,1,9.0,9.0,10.0,68.0,10,18.0,Washington Capitals,/api/v1/teams/15,National Hockey League,/api/v1/league/133,15.0,133.0,0.0,0.0,0.0,-3.0,105.0,711:50,46.0,0.0,05:55,705:10,42.9,8.6,0.0,0.0,00:45,22.0,922.0,3
2019,1,27,Canada,Nolan Foote,(LW),20202021,1,1.0,1.0,0.0,6.0,0,2.0,New Jersey Devils,/api/v1/teams/1,National Hockey League,/api/v1/league/133,1.0,133.0,0.0,0.0,0.0,-1.0,5.0,58:07,5.0,0.0,00:22,57:45,0.0,20.0,0.0,0.0,00:00,1.0,86.0,2
2019,1,27,Canada,Nolan Foote,(LW),20212022,1,1.0,3.0,0.0,7.0,0,4.0,New Jersey Devils,/api/v1/teams/1,National Hockey League,/api/v1/league/133,1.0,133.0,0.0,0.0,0.0,3.0,10.0,72:34,8.0,0.0,03:48,68:34,0.0,30.0,0.0,0.0,00:12,1.0,100.0,3
2019,1,29,Canada,Brayden Tracey,(LW),20212022,1,0.0,0.0,0.0,1.0,0,0.0,Anaheim Ducks,/api/v1/teams/24,National Hockey League,/api/v1/league/133,24.0,133.0,0.0,0.0,0.0,-1.0,1.0,09:21,0.0,0.0,00:00,09:21,0.0,0.0,0.0,0.0,00:00,0.0,11.0,3
2019,2,32,United States,Shane Pinto,(C),20202021,1,6.0,1.0,10.0,12.0,10,7.0,Ottawa Senators,/api/v1/teams/9,National Hockey League,/api/v1/league/133,9.0,133.0,0.0,0.0,0.0,6.0,11.0,150:15,11.0,0.0,06:20,129:01,40.91,9.1,0.0,0.0,14:54,9.0,213.0,2
2019,2,32,United States,Shane Pinto,(C),20212022,1,1.0,0.0,2.0,5.0,2,1.0,Ottawa Senators,/api/v1/teams/9,National Hockey League,/api/v1/league/133,9.0,133.0,0.0,0.0,0.0,0.0,5.0,64:46,0.0,1.0,05:19,55:52,32.69,0.0,0.0,0.0,03:35,1.0,80.0,3
2019,2,33,United States,Arthur Kaliyev,(RW),20202021,1,0.0,1.0,0.0,1.0,0,1.0,Los Angeles Kings,/api/v1/teams/26,National Hockey League,/api/v1/league/133,26.0,133.0,0.0,0.0,0.0,-1.0,1.0,14:42,0.0,0.0,00:54,13:48,0.0,100.0,0.0,0.0,00:00,1.0,18.0,2
2019,2,33,United States,Arthur Kaliyev,(RW),20212022,1,13.0,14.0,37.0,80.0,37,27.0,Los Angeles Kings,/api/v1/teams/26,National Hockey League,/api/v1/league/133,26.0,133.0,6.0,2.0,0.0,-3.0,194.0,1011:56,31.0,9.0,154:44,857:01,0.0,7.2,0.0,0.0,00:11,12.0,1355.0,3
2019,2,34,United States,Bobby Brink,(RW),20212022,1,4.0,0.0,0.0,10.0,0,4.0,Philadelphia Flyers,/api/v1/teams/4,National Hockey League,/api/v1/league/133,4.0,133.0,0.0,0.0,0.0,-5.0,18.0,154:29,15.0,1.0,30:18,124:11,75.0,0.0,0.0,0.0,00:00,2.0,192.0,3
2019,2,40,Sweden,Nils Hoglander,(LW),20202021,1,14.0,13.0,16.0,56.0,16,27.0,Vancouver Canucks,/api/v1/teams/23,National Hockey League,/api/v1/league/133,23.0,133.0,1.0,1.0,0.0,-4.0,118.0,864:47,26.0,1.0,79:45,783:30,50.0,11.0,0.0,0.0,01:32,19.0,1197.0,2
2019,2,40,Sweden,Nils Hoglander,(LW),20212022,1,8.0,10.0,24.0,60.0,24,18.0,Vancouver Canucks,/api/v1/teams/23,National Hockey League,/api/v1/league/133,23.0,133.0,1.0,0.0,0.0,-6.0,132.0,785:20,41.0,3.0,59:12,725:12,0.0,7.6,0.0,0.0,00:56,16.0,1097.0,3
2019,2,41,Canada,Kaedan Korczak,(D),20212022,1,0.0,0.0,0.0,1.0,0,0.0,Vegas Golden Knights,/api/v1/teams/54,National Hockey League,/api/v1/league/133,54.0,133.0,0.0,0.0,0.0,1.0,0.0,16:37,0.0,0.0,00:00,15:27,0.0,0.0,0.0,0.0,01:10,1.0,22.0,3
2019,2,43,United States,Alex Vlasic,(D),20212022,1,1.0,1.0,2.0,15.0,2,2.0,Chicago Blackhawks,/api/v1/teams/16,National Hockey League,/api/v1/league/133,16.0,133.0,0.0,0.0,0.0,-2.0,12.0,214:38,15.0,0.0,00:05,209:11,0.0,8.3,0.0,0.0,05:22,16.0,284.0,3
2019,2,48,Russia,Artemi Kniazev,(D),20212022,1,0.0,0.0,0.0,1.0,0,0.0,San Jose Sharks,/api/v1/teams/28,National Hockey League,/api/v1/league/133,28.0,133.0,0.0,0.0,0.0,-2.0,2.0,11:59,1.0,0.0,00:00,11:24,0.0,0.0,0.0,0.0,00:35,0.0,19.0,3
2019,2,50,Sweden,Samuel Fagemo,(LW),20212022,1,0.0,0.0,0.0,4.0,0,0.0,Los Angeles Kings,/api/v1/teams/26,National Hockey League,/api/v1/league/133,26.0,133.0,0.0,0.0,0.0,-2.0,5.0,54:53,2.0,0.0,05:19,48:03,0.0,0.0,0.0,0.0,01:31,3.0,72.0,3
2019,2,52,Belarus,Vladislav Kolyachonok,(D),20212022,1,2.0,1.0,6.0,32.0,6,3.0,Arizona Coyotes,/api/v1/teams/53,National Hockey League,/api/v1/league/133,53.0,133.0,0.0,0.0,0.0,0.0,24.0,507:07,39.0,0.0,00:33,490:02,0.0,4.2,0.0,0.0,16:32,36.0,662.0,3
2019,2,53,United States,Nicholas Robertson,(LW),20202021,1,1.0,0.0,0.0,6.0,0,1.0,Toronto Maple Leafs,/api/v1/teams/10,National Hockey League,/api/v1/league/133,10.0,133.0,0.0,0.0,0.0,1.0,9.0,56:34,3.0,0.0,04:26,51:25,0.0,0.0,0.0,0.0,00:43,2.0,79.0,2
2019,2,53,United States,Nicholas Robertson,(LW),20212022,1,0.0,1.0,4.0,10.0,4,1.0,Toronto Maple Leafs,/api/v1/teams/10,National Hockey League,/api/v1/league/133,10.0,133.0,0.0,0.0,0.0,-4.0,14.0,102:43,10.0,0.0,04:49,97:54,0.0,7.1,0.0,0.0,00:00,2.0,155.0,3
2019,2,56,Canada,Brett Leason,(RW),20212022,1,3.0,3.0,4.0,36.0,4,6.0,Washington Capitals,/api/v1/teams/15,National Hockey League,/api/v1/league/133,15.0,133.0,0.0,0.0,0.0,1.0,45.0,322:24,16.0,0.0,00:25,321:58,37.5,6.7,0.0,0.0,00:01,14.0,443.0,3
2019,2,61,Russia,Nikita Okhotiuk,(D),20212022,1,1.0,1.0,2.0,5.0,2,2.0,New Jersey Devils,/api/v1/teams/1,National Hockey League,/api/v1/league/133,1.0,133.0,0.0,0.0,0.0,-2.0,5.0,75:26,16.0,0.0,00:10,74:04,0.0,20.0,0.0,0.0,01:12,1.0,94.0,3
2019,3,64,Sweden,Mattias Norlinder,(D),20212022,1,1.0,0.0,2.0,6.0,2,1.0,Montréal Canadiens,/api/v1/teams/8,National Hockey League,/api/v1/league/133,8.0,133.0,0.0,0.0,0.0,2.0,2.0,73:45,4.0,0.0,01:53,71:52,0.0,0.0,0.0,0.0,00:00,3.0,94.0,3
2019,3,72,United States,Ronnie Attard,(D),20212022,1,2.0,2.0,8.0,15.0,8,4.0,Philadelphia Flyers,/api/v1/teams/4,National Hockey League,/api/v1/league/133,4.0,133.0,0.0,0.0,0.0,-2.0,16.0,248:55,24.0,0.0,13:30,218:55,0.0,12.5,0.0,0.0,16:30,17.0,335.0,3
2019,3,75,Canada,Adam Beckman,(LW),20212022,1,1.0,0.0,2.0,3.0,2,1.0,Minnesota Wild,/api/v1/teams/30,National Hockey League,/api/v1/league/133,30.0,133.0,0.0,0.0,0.0,-1.0,4.0,31:14,1.0,0.0,02:18,28:52,0.0,0.0,0.0,0.0,00:04,1.0,45.0,3
2019,3,79,Russia,Pavel Dorofeyev,(LW),20212022,1,0.0,0.0,2.0,2.0,2,0.0,Vegas Golden Knights,/api/v1/teams/54,National Hockey League,/api/v1/league/133,54.0,133.0,0.0,0.0,0.0,-1.0,1.0,13:00,0.0,0.0,00:00,13:00,0.0,0.0,0.0,0.0,00:00,1.0,21.0,3
2019,3,81,Canada,Cole Schwindt,(RW),20212022,1,0.0,0.0,0.0,3.0,0,0.0,Florida Panthers,/api/v1/teams/13,National Hockey League,/api/v1/league/133,13.0,133.0,0.0,0.0,0.0,-4.0,3.0,42:24,5.0,0.0,00:01,42:23,48.39,0.0,0.0,0.0,00:00,2.0,53.0,3
2019,3,91,Belarus,Aliaksei Protas,(C),20212022,1,6.0,3.0,0.0,33.0,0,9.0,Washington Capitals,/api/v1/teams/15,National Hockey League,/api/v1/league/133,15.0,133.0,0.0,0.0,0.0,4.0,34.0,390:30,20.0,1.0,32:29,357:37,44.8,8.8,0.0,0.0,00:24,12.0,511.0,3
2019,4,94,Sweden,Viktor Lodin,(C),20212022,1,0.0,0.0,0.0,1.0,0,0.0,Ottawa Senators,/api/v1/teams/9,National Hockey League,/api/v1/league/133,9.0,133.0,0.0,0.0,0.0,0.0,3.0,10:25,0.0,0.0,01:34,08:51,0.0,0.0,0.0,0.0,00:00,0.0,14.0,3
2019,4,95,Canada,Jordan Spence,(D),20212022,1,6.0,2.0,2.0,24.0,2,8.0,Los Angeles Kings,/api/v1/teams/26,National Hockey League,/api/v1/league/133,26.0,133.0,0.0,1.0,0.0,0.0,41.0,473:51,32.0,2.0,40:37,419:22,0.0,4.9,0.0,0.0,13:52,29.0,547.0,3
2019,4,96,United States,Tyce Thompson,(RW),20202021,1,1.0,0.0,0.0,7.0,0,1.0,New Jersey Devils,/api/v1/teams/1,National Hockey League,/api/v1/league/133,1.0,133.0,0.0,0.0,0.0,-3.0,4.0,61:03,5.0,0.0,01:01,60:02,0.0,0.0,0.0,0.0,00:00,2.0,96.0,2
2019,4,96,United States,Tyce Thompson,(RW),20212022,1,0.0,0.0,0.0,2.0,0,0.0,New Jersey Devils,/api/v1/teams/1,National Hockey League,/api/v1/league/133,1.0,133.0,0.0,0.0,0.0,0.0,3.0,28:50,2.0,0.0,00:15,27:15,100.0,0.0,0.0,0.0,01:20,0.0,41.0,3
2019,4,98,Finland,Matias Maccelli,(LW),20212022,1,5.0,1.0,4.0,23.0,4,6.0,Arizona Coyotes,/api/v1/teams/53,National Hockey League,/api/v1/league/133,53.0,133.0,0.0,0.0,0.0,-10.0,21.0,326:32,12.0,1.0,28:27,296:40,100.0,4.8,0.0,0.0,01:25,8.0,434.0,3
2019,5,125,United States,Mark Kastelic,(C),20212022,1,2.0,2.0,14.0,16.0,14,4.0,Ottawa Senators,/api/v1/teams/9,National Hockey League,/api/v1/league/133,9.0,133.0,0.0,1.0,0.0,-1.0,11.0,146:56,51.0,0.0,03:38,142:52,58.33,18.2,0.0,0.0,00:26,10.0,221.0,3
2019,6,184,Finland,Santeri Hatakka,(D),20212022,1,2.0,0.0,2.0,9.0,2,2.0,San Jose Sharks,/api/v1/teams/28,National Hockey League,/api/v1/league/133,28.0,133.0,0.0,0.0,0.0,-5.0,3.0,113:40,5.0,0.0,00:10,111:17,0.0,0.0,0.0,0.0,02:13,7.0,179.0,3
2019,7,201,Canada,Rafael Harvey-Pinard,(LW),20212022,1,0.0,1.0,0.0,4.0,0,1.0,Montréal Canadiens,/api/v1/teams/8,National Hockey League,/api/v1/league/133,8.0,133.0,0.0,0.0,0.0,-2.0,6.0,52:21,12.0,0.0,07:28,43:57,0.0,16.7,0.0,0.0,00:56,3.0,79.0,3
2019,7,203,Finland,Valtteri Puustinen,(RW),20212022,1,1.0,0.0,0.0,1.0,0,1.0,Pittsburgh Penguins,/api/v1/teams/5,National Hockey League,/api/v1/league/133,5.0,133.0,0.0,0.0,0.0,2.0,1.0,10:14,1.0,0.0,01:06,09:08,0.0,0.0,0.0,0.0,00:00,0.0,14.0,3
