Year,Round,Overall_Pick,Player_Name,Nationality
2015,1,1,Connor McDavid (C),Canada
2015,1,2,Jack Eichel (C),United States
2015,1,3,Dylan Strome (C),Canada
2015,1,4,Mitch Marner (C/RW),Canada
2015,1,5,Noah Hanifin (D),United States
2015,1,6,Pavel Zacha (C),Czech Republic
2015,1,7,Ivan Provorov (D),Russia
2015,1,8,Zach Werenski (D),United States
2015,1,9,Timo Meier (RW),Switzerland
2015,1,10,Mikko Rantanen (RW),Finland
2015,1,11,Lawson Crouse (LW),Canada
2015,1,12,Denis Gurianov (RW),Russia
2015,1,13,Jakub Zboril (D),Czech Republic
2015,1,14,Jake DeBrusk (LW),Canada
2015,1,15,Zachary Senyshyn (RW),Canada
2015,1,16,Mathew Barzal (C),Canada
2015,1,17,Kyle Connor (LW),United States
2015,1,18,Thomas Chabot (D),Canada
2015,1,19,Evgeny Svechnikov (LW),Russia
2015,1,20,Joel Eriksson Ek (C),Sweden
2015,1,21,Colin White (C),United States
2015,1,22,Ilya Samsonov (G),Russia
2015,1,23,Brock Boeser (RW),United States
2015,1,24,Travis Konecny (C),Canada
2015,1,25,Jack Roslovic (C),United States
2015,1,26,Noah Juulsen (D),Canada
2015,1,27,Jacob Larsson (D),Sweden
2015,1,28,Anthony Beauvillier (LW),Canada
2015,1,29,Gabriel Carlsson (D),Sweden
2015,1,30,Nick Merkley (RW),Canada
2015,2,31,Jeremy Roy (D),Canada
2015,2,32,Christian Fischer (RW),United States
2015,2,33,Mitchell Stephens (C),Canada
2015,2,34,Travis Dermott (D),Canada
2015,2,35,Sebastian Aho (LW),Finland
2015,2,36,Gabriel Gagne (RW),Canada
2015,2,37,Brandon Carlo (D),United States
2015,2,38,Paul Bittner (LW),United States
2015,2,39,A.J. Greer (LW),Canada
2015,2,40,Nicolas Meloche (D),Canada
2015,2,41,Ryan Gropp (LW),Canada
2015,2,42,Mackenzie Blackwood (G),Canada
2015,2,43,Erik Cernak (D),Slovakia
2015,2,44,Matthew Spencer (D),Canada
2015,2,45,Jakob Forsbacka Karlsson (C),Sweden
2015,2,46,Daniel Sprong (RW),Netherlands
2015,2,47,Jansen Harkins (C),Canada
2015,2,48,Filip Chlapik (C),Czech Republic
2015,2,49,Roope Hintz (LW),Finland
2015,2,50,Jordan Greenway (LW),United States
2015,2,51,Brendan Guhle (D),Canada
2015,2,52,Jeremy Lauzon (D),Canada
2015,2,53,Rasmus Andersson (D),Sweden
2015,2,54,Graham Knott (LW),Canada
2015,2,55,Yakov Trenin (C),Russia
2015,2,56,Vince Dunn (D),Canada
2015,2,57,Jonas Siegenthaler (D),Switzerland
2015,2,58,Kevin Stenlund (C),Sweden
2015,2,59,Julius Nattinen (C),Finland
2015,2,60,Oliver Kylington (D),Sweden
2015,2,61,Jeremy Bracco (RW),United States
2015,3,62,Robin Kovacs (RW),Sweden
2015,3,63,Kyle Capobianco (D),Canada
2015,3,64,Dennis Yan (LW),United States
2015,3,65,Andrew Nielsen (D),Canada
2015,3,66,Guillaume Brisebois (D),Canada
2015,3,67,Blake Speers (C),Canada
2015,3,68,Martins Dzierkals (LW),Latvia
2015,3,69,Keegan Kolesar (RW),Canada
2015,3,70,Felix Sandstrom (G),Sweden
2015,3,71,Jean-Christophe Beaudin (C),Canada
2015,3,72,Anthony Cirelli (C),Canada
2015,3,73,Vili Saarijarvi (D),Finland
2015,3,74,Alexander Dergachyov (C),Russia
2015,3,75,Dan Vladar (G),Czech Republic
2015,3,76,Adin Hill (G),Canada
2015,3,77,Samuel Montembeault (G),Canada
2015,3,78,Erik Foley (LW),United States
2015,3,79,Sergei Zborovskiy (D),Russia
2015,3,80,Brent Gates (C),United States
2015,3,81,Brendan Warren (LW),United States
2015,3,82,Mitchell Vande Sompel (D),Canada
2015,3,83,Jens Looke (RW),Sweden
2015,3,84,Deven Sideroff (RW),Canada
2015,3,85,Tommy Novak (C),United States
2015,3,86,Mike Robinson (G),United States
2015,3,87,Lukas Vejdemo (C),Sweden
2015,3,88,Thomas Schemitsch (D),Canada
2015,3,89,Aleksi Saarela (C),Finland
2015,3,90,Matej Tomek (G),Slovakia
2015,3,91,Dennis Gilbert (D),United States
2015,4,92,William Borgen (D),United States
2015,4,93,Callum Booth (G),Canada
2015,4,94,Adam Musil (C),Canada
2015,4,95,Jesper Lindgren (D),Sweden
2015,4,96,Nicolas Roy (C),Canada
2015,4,97,Colton White (D),Canada
2015,4,98,Samuel Dove-McFalls (LW),Canada
2015,4,99,Austin Wagner (LW),Canada
2015,4,100,Anthony Richard (C),Canada
2015,4,101,Andrei Mironov (D),Russia
2015,4,102,Denis Malgin (C),Switzerland
2015,4,103,Chris Martenet (D),United States
2015,4,104,Mikhail Vorobyev (C),Russia
2015,4,105,Jesse Gabrielle (LW),Canada
2015,4,106,Adam Helewka (LW),Canada
2015,4,107,Christian Wolanin (D),Canada
2015,4,108,Michael Spacek (RW),Czech Republic
2015,4,109,Filip Ahl (LW),Sweden
2015,4,110,Joren van Pottelberghe (G),Switzerland
2015,4,111,Ales Stezka (G),Czech Republic
2015,4,112,Parker Wotherspoon (D),Canada
2015,4,113,Brad Morrison (C),Canada
2015,4,114,Dmitri Zhukenov (C),Russia
2015,4,115,Alexandre Carrier (D),Canada
2015,4,116,Glenn Gawdin (C),Canada
2015,4,117,Caleb Jones (D),United States
2015,4,118,Jonne Tammela (RW),Finland
2015,4,119,Daniel Bernhardt (RW),Sweden
2015,4,120,Mathieu Joseph (RW),Canada
2015,4,121,Ryan Shea (D),United States
2015,5,122,Devante Stephens (D),Canada
2015,5,123,Conor Garland (RW),United States
2015,5,124,Ethan Bear (D),Canada
2015,5,125,Dmytro Timashov (LW),Sweden
2015,5,126,Luke Stevens (LW),United States
2015,5,127,Niko Mikkola (D),Finland
2015,5,128,David Kase (RW),Czech Republic
2015,5,129,Sam Ruopp (D),Canada
2015,5,130,Karlis Cukste (D),Latvia
2015,5,131,Matthew Bradley (C),Canada
2015,5,132,Karch Bachman (LW),United States
2015,5,133,Joseph Cecconi (D),United States
2015,5,134,Matt Schmalz (RW),Canada
2015,5,135,Kirill Kaprizov (LW),Russia
2015,5,136,Pavel Karnaukhov (LW),Belarus
2015,5,137,Dominik Simon (LW),Czech Republic
2015,5,138,Spencer Smallman (RW),Canada
2015,5,139,Christian Jaros (D),Slovakia
2015,5,140,Chase Pearson (C),Canada
2015,5,141,Veeti Vainio (D),Finland
2015,5,142,Rudolfs Balcers (LW),Latvia
2015,5,143,Connor Hobbs (D),Canada
2015,5,144,Carl Neill (D),Canada
2015,5,145,Karel Vejmelka (G),Czech Republic
2015,5,146,Luke Opilka (G),United States
2015,5,147,Ryan Pilon (D),Canada
2015,5,148,Troy Terry (RW/C),United States
2015,5,149,Adam Gaudette (C),United States
2015,5,150,Ryan Zuhlsdorf (D),United States
2015,5,151,Radovan Bondra (RW),Slovakia
2015,6,152,Giorgio Estephan (C),Canada
2015,6,153,Kristian Oldham (G),United States
2015,6,154,John Marino (D),United States
2015,6,155,Stephen Desrocher (D),Canada
2015,6,156,Jake Massie (D),Canada
2015,6,157,Brett Seney (LW),Canada
2015,6,158,Cooper Marody (C),United States
2015,6,159,Vladislav Gavrikov (D),Russia
2015,6,160,Adam Parsells (D),United States
2015,6,161,Sergei Boikov (D),Russia
2015,6,162,Christopher Wilkie (RW),United States
2015,6,163,Markus Ruusu (G),Finland
2015,6,164,Roy Radke (RW),United States
2015,6,165,Cameron Hughes (C),Canada
2015,6,166,Andrew Mangiapane (LW),Canada
2015,6,167,Frederik Tiffels (LW),Germany
2015,6,168,Mason Appleton (C),United States
2015,6,169,David Cotton (C),United States
2015,6,170,Patrick Holway (D),United States
2015,6,171,Nicholas Boka (D),United States
2015,6,172,Andong Song (D),China
2015,6,173,Colby Williams (D),Canada
2015,6,174,Lukas Jasek (RW),Czech Republic
2015,6,175,Tyler Moy (C),United States
2015,6,176,Liam Dunda (LW),Canada
2015,6,177,Simon Bourque (D),Canada
2015,6,178,Steven Ruggiero (D),United States
2015,6,179,Garrett Metcalf (G),United States
2015,6,180,Bokondji Imama (LW),Canada
2015,6,181,Joni Tuulola (D),Finland
2015,7,182,Ivan Chukarov (D),United States
2015,7,183,Erik Kallgren (G),Sweden
2015,7,184,Adam Huska (G),Slovakia
2015,7,185,Nikita Korostelev (RW),Russia
2015,7,186,Steven Lorentz (C/LW),Canada
2015,7,187,Chaz Reddekopp (D),Canada
2015,7,188,Ivan Fedotov (G),Russia
2015,7,189,Markus Nutivaara (D),Finland
2015,7,190,Marcus Vela (C),Canada
2015,7,191,Gustav Olhaver (C),Sweden
2015,7,192,Patrick Shea (C),United States
2015,7,193,Jake Kupsky (G),United States
2015,7,194,Matt Roy (D),United States
2015,7,195,Jack Becker (C),United States
2015,7,196,Riley Bruce (D),Canada
2015,7,197,Nikita Pavlychev (C),Russia
2015,7,198,Sami Niku (D),Finland
2015,7,199,Joey Daccord (G),United States
2015,7,200,Adam Marsh (LW),United States
2015,7,201,Gustav Bouramman (D),Sweden
2015,7,202,Petter Hansson (D),Sweden
2015,7,203,Matteo Gennaro (C),Canada
2015,7,204,Jack Sadek (D),United States
2015,7,205,Evan Smith (G),United States
2015,7,206,Ryan Bednard (G),United States
2015,7,207,Jeremiah Addison (LW),Canada
2015,7,208,Miroslav Svoboda (G),Czech Republic
2015,7,209,Ziyat Paigin (D),Russia
2015,7,210,Tate Olson (D),Canada
2015,7,211,John Dahlstrom (RW),Sweden
2016,1,1,Auston Matthews (C),United States
2016,1,2,Patrik Laine (RW),Finland
2016,1,3,Pierre-Luc Dubois (LW/C),Canada
2016,1,4,Jesse Puljujarvi (RW),Finland
2016,1,5,Olli Juolevi (D),Finland
2016,1,6,Matthew Tkachuk (LW),United States
2016,1,7,Clayton Keller (C),United States
2016,1,8,Alexander Nylander (LW),Sweden
2016,1,9,Mikhail Sergachev (D),Russia
2016,1,10,Tyson Jost (C),Canada
2016,1,11,Logan Brown (C),United States
2016,1,12,Michael McLeod (C),Canada
2016,1,13,Jake Bean (D),Canada
2016,1,14,Charlie McAvoy (D),United States
2016,1,15,Luke Kunin (C),United States
2016,1,16,Jakob Chychrun (D),Canada
2016,1,17,Dante Fabbro (D),Canada
2016,1,18,Logan Stanley (D),Canada
2016,1,19,Kieffer Bellows (LW),United States
2016,1,20,Dennis Cholowski (D),Canada
2016,1,21,Julien Gauthier (RW),Canada
2016,1,22,German Rubtsov (C),Russia
2016,1,23,Henrik Borgstrom (C),Finland
2016,1,24,Max Jones (LW),United States
2016,1,25,Riley Tufte (LW),United States
2016,1,26,Tage Thompson (C),United States
2016,1,27,Brett Howden (C),Canada
2016,1,28,Lucas Johansen (D),Canada
2016,1,29,Trent Frederic (C),United States
2016,1,30,Sam Steel (C),Canada
2016,2,31,Yegor Korshkov (RW),Russia
2016,2,32,Tyler Benson (LW),Canada
2016,2,33,Rasmus Asplund (C),Sweden
2016,2,34,Andrew Peeke (D),United States
2016,2,35,Jordan Kyrou (C),Canada
2016,2,36,Pascal Laberge (C),Canada
2016,2,37,Libor Hajek (D),Czech Republic
2016,2,38,Adam Mascherin (LW),Canada
2016,2,39,Alex DeBrincat (RW),United States
2016,2,40,Cameron Morrison (LW),Canada
2016,2,41,Nathan Bastian (RW),Canada
2016,2,42,Jonathan Dahlen (C),Sweden
2016,2,43,Janne Kuokkanen (C/LW),Finland
2016,2,44,Boris Katchouk (LW),Canada
2016,2,45,Chad Krys (D),United States
2016,2,46,Givani Smith (RW),Canada
2016,2,47,Samuel Girard (D),Canada
2016,2,48,Carter Hart (G),Canada
2016,2,49,Ryan Lindgren (D),United States
2016,2,50,Artur Kayumov (LW/RW),Russia
2016,2,51,Kale Clague (D),Canada
2016,2,52,Wade Allison (RW),Canada
2016,2,53,Filip Hronek (D),Czech Republic
2016,2,54,Tyler Parsons (G),United States
2016,2,55,Filip Gustavsson (G),Sweden
2016,2,56,Dillon Dube (C),Canada
2016,2,57,Carl Grundstrom (RW),Sweden
2016,2,58,Taylor Raddysh (RW),Canada
2016,2,59,Evan Fitzpatrick (G),Canada
2016,2,60,Dylan Gambrell (C),United States
2016,2,61,Kasper Bjorkqvist (RW),Finland
2016,3,62,Joseph Woll (G),United States
2016,3,63,Markus Niemelainen (D),Finland
2016,3,64,William Lockwood (RW),United States
2016,3,65,Vitalii Abramov (RW),Russia
2016,3,66,Adam Fox (D),United States
2016,3,67,Matt Filipe (LW),United States
2016,3,68,Cam Dineen (D),United States
2016,3,69,Cliff Pu (RW),Canada
2016,3,70,William Bitten (C),Canada
2016,3,71,Josh Anderson (D),Canada
2016,3,72,James Greenway (D),United States
2016,3,73,Joey Anderson (RW),United States
2016,3,74,Hudson Elynuik (C),Canada
2016,3,75,Jack Lafontaine (G),Canada
2016,3,76,Rem Pitlick (C),United States
2016,3,77,Connor Hall (D),Canada
2016,3,78,Frederic Allard (D),Canada
2016,3,79,Luke Green (D),Canada
2016,3,80,Brandon Gignac (C),Canada
2016,3,81,Sean Day (D),Canada
2016,3,82,Carsen Twarynski (LW),Canada
2016,3,83,Wouter Peeters (G),Belgium
2016,3,84,Matthew Cairns (D),Canada
2016,3,85,Joshua Mahura (D),Canada
2016,3,86,Casey Fitzgerald (D),United States
2016,3,87,Garrett Pilon (C),Canada
2016,3,88,Connor Ingram (G),Canada
2016,3,89,Linus Nassen (D),Sweden
2016,3,90,Fredrik Karlstrom (C),Sweden
2016,3,91,Filip Berglund (D),Sweden
2016,4,92,Adam Brooks (C),Canada
2016,4,93,Jack Kopacka (LW),United States
2016,4,94,Jonathan Ang (C),Canada
2016,4,95,Anatoly Golyshev (LW),Russia
2016,4,96,Linus Lindstrom (C),Sweden
2016,4,97,Jacob Cederholm (D),Sweden
2016,4,98,Tarmo Reunanen (D),Finland
2016,4,99,Brett Murray (LW),Canada
2016,4,100,Victor Mete (D),Canada
2016,4,101,Keaton Middleton (D),Canada
2016,4,102,Mikhail Maltsev (LW),Russia
2016,4,103,Todd Burgess (LW),United States
2016,4,104,Max Zimmer (LW),United States
2016,4,105,Evan Cormier (G),Canada
2016,4,106,Brandon Duhaime (RW),United States
2016,4,107,Alfons Malmstrom (D),Sweden
2016,4,108,Hardy Haman-Aktell (D),Sweden
2016,4,109,Connor Bunnaman (C),Canada
2016,4,110,Lucas Carlsson (D),Sweden
2016,4,111,Noah Gregor (C),Canada
2016,4,112,Jacob Moverare (D),Sweden
2016,4,113,Nathan Noel (C),Canada
2016,4,114,Riley Stillman (D),Canada
2016,4,115,Alex Dostie (C),Canada
2016,4,116,Rhett Gardner (C),Canada
2016,4,117,Damien Riat (LW),Switzerland
2016,4,118,Ross Colton (C),United States
2016,4,119,Tanner Kaspick (C),Canada
2016,4,120,Otto Koivula (LW),Finland
2016,4,121,Ryan Jones (D),United States
2016,5,122,Vladimir Bobylev (RW),Russia
2016,5,123,Dylan Wells (G),Canada
2016,5,124,Casey Staum (D),United States
2016,5,125,Nolan Stevens (C),United States
2016,5,126,Mitchell Mattson (C),United States
2016,5,127,Jordan Stallard (C),Canada
2016,5,128,Colton Point (G),Canada
2016,5,129,Philip Nyberg (D),Sweden
2016,5,130,Vojtech Budik (D),Czech Republic
2016,5,131,Adam Werner (G),Sweden
2016,5,132,Yegor Rykov (D),Russia
2016,5,133,Maxime Lajoie (D),Canada
2016,5,134,Jeremy Helvig (G),Canada
2016,5,135,Joona Koppanen (LW),Finland
2016,5,136,Cameron Clarke (D),United States
2016,5,137,Jordan Sambrook (D),Canada
2016,5,138,Patrick Harper (C),United States
2016,5,139,Linus Hogberg (D),Sweden
2016,5,140,Cole Candella (D),Canada
2016,5,141,Tim Gettinger (LW),United States
2016,5,142,Michael Eyssimont (C),United States
2016,5,143,Mathias From (LW/RW),Denmark
2016,5,144,Conner Bleackley (C),Canada
2016,5,145,Beck Malenstyn (LW),Canada
2016,5,146,Nicholas Caamano (RW),Canada
2016,5,147,Axel Jonsson Fjallby (LW),Sweden
2016,5,148,Christopher Paquette (C),Canada
2016,5,149,Graham McPhee (LW),United States
2016,5,150,Manuel Wiederer (C),Germany
2016,5,151,Niclas Almari (D),Finland
2016,6,152,Jack Walker (LW),United States
2016,6,153,Aapeli Rasanen (C),Finland
2016,6,154,Jakob Stukel (LW),Canada
2016,6,155,Peter Thome (G),United States
2016,6,156,Eetu Tuulola (RW),Finland
2016,6,157,Mikhail Berdin (G),Russia
2016,6,158,Patrick Kudla (D),Canada
2016,6,159,Brandon Hagel (LW),Canada
2016,6,160,Michael Pezzetta (C),Canada
2016,6,161,Nathan Clurman (D),United States
2016,6,162,Jesper Bratt (LW/RW),Sweden
2016,6,163,Markus Nurmi (RW/LW),Finland
2016,6,164,Noah Carroll (D),Canada
2016,6,165,Oskar Steen (C),Sweden
2016,6,166,Matthew Phillips (C),Canada
2016,6,167,Filip Larsson (G),Sweden
2016,6,168,Konstantin Volkov (G),Russia
2016,6,169,Tanner Laczynski (C),United States
2016,6,170,Collin Adams (LW),United States
2016,6,171,Gabriel Fontaine (C),Canada
2016,6,172,Anthony Salinitri (C),Canada
2016,6,173,Blake Hillman (D),United States
2016,6,174,Tyler Wall (G),Canada
2016,6,175,Maxim Mamin (C/RW),Russia
2016,6,176,Jakob Stenqvist (D),Sweden
2016,6,177,Chase Priskie (D),United States
2016,6,178,Oleg Sosunov (D),Russia
2016,6,179,Nicolas Mattinen (D),Canada
2016,6,180,Mark Shoemaker (D),Canada
2016,6,181,Joe Masonius (D),United States
2016,7,182,Nikolai Chebykin (LW),Russia
2016,7,183,Vincent Desharnais (D),Canada
2016,7,184,Rodrigo Abols (C),Latvia
2016,7,185,Calvin Thurkauf (C),Switzerland
2016,7,186,Stepan Falkovsky (D),Belarus
2016,7,187,Arvid Henrikson (D),Sweden
2016,7,188,Dean Stewart (D),Canada
2016,7,189,Austin Osmanski (D),United States
2016,7,190,Vasily Glotov (C),Russia
2016,7,191,Travis Barron (LW),Canada
2016,7,192,Jeremy Davies (D),Canada
2016,7,193,Nick Pastujov (LW),United States
2016,7,194,Brett McKenzie (C),Canada
2016,7,195,Benjamin Finkelstein (D),United States
2016,7,196,Dmitry Sokolov (RW),Russia
2016,7,197,Mattias Elfstrom (LW),Sweden
2016,7,198,Adam Smith (D),Canada
2016,7,199,David Bernhardt (D),Sweden
2016,7,200,David Quenneville (D),Canada
2016,7,201,Ty Ronning (RW),Canada
2016,7,202,Jacob Friend (D),Canada
2016,7,203,Jake Ryczek (D),United States
2016,7,204,Brayden Chizen (D),Canada
2016,7,205,Tyler Soy (C),Canada
2016,7,206,Otto Somppi (C),Finland
2016,7,207,Dmitriy Zaitsev (D),Russia
2016,7,208,Ryan Lohin (C),United States
2016,7,209,Nikolaj Krag Christensen (C/LW),Denmark
2016,7,210,Joachim Blichfeld (LW/RW),Denmark
2016,7,211,Filip Helt (LW),Czech Republic
2017,1,1,Nico Hischier (C),Switzerland
2017,1,2,Nolan Patrick (C),Canada
2017,1,3,Miro Heiskanen (D),Finland
2017,1,4,Cale Makar (D),Canada
2017,1,5,Elias Pettersson (C),Sweden
2017,1,6,Cody Glass (C),Canada
2017,1,7,Lias Andersson (C),Sweden
2017,1,8,Casey Mittelstadt (C),United States
2017,1,9,Michael Rasmussen (C),Canada
2017,1,10,Owen Tippett (RW),Canada
2017,1,11,Gabriel Vilardi (C),Canada
2017,1,12,Martin Necas (C),Czech Republic
2017,1,13,Nick Suzuki (C),Canada
2017,1,14,Callan Foote (D),Canada
2017,1,15,Erik Brannstrom (D),Sweden
2017,1,16,Juuso Valimaki (D),Finland
2017,1,17,Timothy Liljegren (D),Sweden
2017,1,18,Urho Vaakanainen (D),Finland
2017,1,19,Josh Norris (C),United States
2017,1,20,Robert Thomas (C),Canada
2017,1,21,Filip Chytil (C),Czech Republic
2017,1,22,Kailer Yamamoto (RW),United States
2017,1,23,Pierre-Olivier Joseph (D),Canada
2017,1,24,Kristian Vesalainen (RW),Finland
2017,1,25,Ryan Poehling (C),United States
2017,1,26,Jake Oettinger (G),United States
2017,1,27,Morgan Frost (C),Canada
2017,1,28,Shane Bowers (C),Canada
2017,1,29,Henri Jokiharju (D),Finland
2017,1,30,Eeli Tolvanen (RW),Finland
2017,1,31,Klim Kostin (C/LW),Russia
2017,2,32,Conor Timmins (D),Canada
2017,2,33,Kole Lind (RW),Canada
2017,2,34,Nicolas Hague (D),Canada
2017,2,35,Isaac Ratcliffe (C),Canada
2017,2,36,Jesper Boqvist (RW),Sweden
2017,2,37,Marcus Davidsson (RW),Sweden
2017,2,38,Gustav Lindstrom (D),Sweden
2017,2,39,Jason Robertson (RW),United States
2017,2,40,Aleksi Heponiemi (C),Finland
2017,2,41,Jaret Anderson-Dolan (C),Canada
2017,2,42,Eetu Luostarinen (C),Finland
2017,2,43,Dylan Samberg (D),United States
2017,2,44,Filip Westerlund (D),Sweden
2017,2,45,Alexandre Texier (C),France
2017,2,46,Robin Salo (D),Finland
2017,2,47,Alex Formenton (LW),Canada
2017,2,48,Alexander Volkov (RW),Russia
2017,2,49,Mario Ferraro (D),Canada
2017,2,50,Maxime Comtois (LW),Canada
2017,2,51,Zachary Lauzon (D),Canada
2017,2,52,Luke Martin (D),United States
2017,2,53,Jack Studnicka (C),Canada
2017,2,54,Ukko-Pekka Luukkonen (G),Finland
2017,2,55,Jonah Gadjovich (LW),Canada
2017,2,56,Josh Brook (D),Canada
2017,2,57,Ian Mitchell (D),Canada
2017,2,58,Joni Ikonen (C),Finland
2017,2,59,Eemeli Rasanen (D),Finland
2017,2,60,Antoine Morand (C),Canada
2017,2,61,Grant Mismash (C),United States
2017,2,62,Jake Leschyshyn (C),Canada
2017,3,63,Fabian Zetterlund (LW),Sweden
2017,3,64,Michael DiPietro (G),Canada
2017,3,65,Jonas Rondbjerg (RW),Denmark
2017,3,66,Max Gildon (D),United States
2017,3,67,Morgan Geekie (C),Canada
2017,3,68,Scott Walford (D),Canada
2017,3,69,MacKenzie Entwistle (RW),Canada
2017,3,70,Andrei Altybarmakyan (RW),Russia
2017,3,71,Kasper Kotkansalo (D),Finland
2017,3,72,Matt Villalta (G),Canada
2017,3,73,Stelio Mattheos (RW),Canada
2017,3,74,Johnathan Kovacevic (D),Canada
2017,3,75,Nate Schnarr (C),Canada
2017,3,76,Alexei Lipanov (C),Russia
2017,3,77,Benjamin Mirageas (D),United States
2017,3,78,Stuart Skinner (G),Canada
2017,3,79,Lane Zablocki (RW),Canada
2017,3,80,Kirill Ustimenko (G),Russia
2017,3,81,Reilly Walsh (D),United States
2017,3,82,Cameron Crotty (D),Canada
2017,3,83,Zachary Gallant (C),Canada
2017,3,84,Dmitri Samorukov (D),Russia
2017,3,85,Ivan Lodnia (RW),United States
2017,3,86,Daniil Tarasov (G),Russia
2017,3,87,Cale Fleury (D),Canada
2017,3,88,Keith Petruzzelli (G),United States
2017,3,89,Oskari Laaksonen (D),Finland
2017,3,90,Evan Barratt (C),United States
2017,3,91,Jack Badini (LW),United States
2017,3,92,David Farrance (D),United States
2017,3,93,Clayton Phillips (D),United States
2017,4,94,Nick Henry (RW),Canada
2017,4,95,Jack Rathbone (D),United States
2017,4,96,Maksim Zhukov (G),Russia
2017,4,97,Mason Shaw (C),Canada
2017,4,98,Nikita Popugaev (RW),Russia
2017,4,99,Jacob Bryson (D),Canada
2017,4,100,Malte Setkov (D),Denmark
2017,4,101,Liam Hawel (C),Canada
2017,4,102,Scott Reedy (C),United States
2017,4,103,Mikey Anderson (D),United States
2017,4,104,Eetu Makiniemi (G),Finland
2017,4,105,Santeri Virtanen (F),Finland
2017,4,106,Matthew Strome (LW),Canada
2017,4,107,Maxim Sushko (RW),Belarus
2017,4,108,Noel Hoefenmayer (D),Canada
2017,4,109,Adam Ruzicka (C),Slovakia
2017,4,110,Ian Scott (G),Canada
2017,4,111,Jeremy Swayman (G),United States
2017,4,112,Tim Soderlund (C/LW),Sweden
2017,4,113,Alexei Toropchenko (F),Russia
2017,4,114,Petr Kvaca (G),Czech Republic
2017,4,115,Ostap Safin (RW),Czech Republic
2017,4,116,Bryce Misley (C),Canada
2017,4,117,Emil Bemstrom (C),Sweden
2017,4,118,Markus Phillips (D),Canada
2017,4,119,Roope Laavainen (D),Finland
2017,4,120,Tobias Geisser (D),Switzerland
2017,4,121,Drake Batherson (C),Canada
2017,4,122,Kyle Olson (C),Canada
2017,4,123,Brandon Crawley (D),United States
2017,4,124,Vladislav Kara (C),Russia
2017,5,125,Igor Shvyrov (C),Russia
2017,5,126,Michael Karow (D),United States
2017,5,127,Lucas Elvenes (RW),Sweden
2017,5,128,Tyler Steenbergen (C),Canada
2017,5,129,Gilles Senn (G),Switzerland
2017,5,130,David Noel (D),Canada
2017,5,131,Cole Fraser (D),Canada
2017,5,132,Jacob Peterson (C),Sweden
2017,5,133,Tyler Inamoto (D),United States
2017,5,134,Cole Hults (D),United States
2017,5,135,Kristoffer Gunnarsson (D),Sweden
2017,5,136,Leon Gawanke (D),Germany
2017,5,137,Noah Cates (LW),United States
2017,5,138,Drake Rymsha (C),United States
2017,5,139,Sebastian Aho (D),Sweden
2017,5,140,Zach Fischer (RW),Canada
2017,5,141,Fedor Gordeev (D),Canada
2017,5,142,Jonathan Dugan (C),United States
2017,5,143,Marian Studenic (RW),Slovakia
2017,5,144,Parker Foo (F),Canada
2017,5,145,Calle Sjalin (D),Sweden
2017,5,146,Kirill Maksimov (RW),Russia
2017,5,147,Jacob Golden (D),Canada
2017,5,148,Kale Howarth (LW),Canada
2017,5,149,Jarret Tyszka (D),Canada
2017,5,150,Jakub Galvas (D),Czech Republic
2017,5,151,Sebastian Walfridsson (D),Sweden
2017,5,152,Jan Drozg (LW),Slovenia
2017,5,153,Olle Eriksson Ek (G),Sweden
2017,5,154,Tomas Vomacka (G),Czech Republic
2017,5,155,Linus Olund (C),Sweden
2017,6,156,Denis Smirnov (RW),Russia
2017,6,157,Dominik Lakatos (C),Czech Republic
2017,6,158,Nick Campoli (C),Canada
2017,6,159,Jacob McGrew (RW),United States
2017,6,160,Aarne Talvitie (C),Finland
2017,6,161,Jiri Patera (G),Czech Republic
2017,6,162,John Adams (RW),United States
2017,6,163,Brett Davis (RW),Canada
2017,6,164,Reilly Webb (D),Canada
2017,6,165,Arnaud Durandeau (LW),Canada
2017,6,166,Brendan De Jong (D),Canada
2017,6,167,Arvid Holm (G),Sweden
2017,6,168,Olle Lycksell (RW),Sweden
2017,6,169,Nicklaus Perbix (D),United States
2017,6,170,Jonathan Davidsson (RW),Sweden
2017,6,171,D'Artagnan Joly (RW),Canada
2017,6,172,Ryan McGregor (C),Canada
2017,6,173,Cedric Pare (C),Canada
2017,6,174,Morgan Barron (C),Canada
2017,6,175,Trenton Bourque (D),Canada
2017,6,176,Pavel Koltygin (C),Russia
2017,6,177,Skyler Brind'Amour (C),United States
2017,6,178,Andrei Svetlakov (C),Russia
2017,6,179,Carson Meyer (RW),United States
2017,6,180,Cole Guttman (C),United States
2017,6,181,Petrus Palmu (RW),Finland
2017,6,182,Benton Maass (D),United States
2017,6,183,Jordan Hollett (G),Canada
2017,6,184,Sebastian Repo (RW),Finland
2017,6,185,Alexander Chmelevski (C),United States
2017,6,186,Antti Palojarvi (D),Finland
2017,7,187,Nick Leivermann (D),United States
2017,7,188,Matt Brassard (D),Canada
2017,7,189,Ben Jones (C),Canada
2017,7,190,Erik Walli-Walterholm (RW),Sweden
2017,7,191,Jocktan Chainey (D),Canada
2017,7,192,Linus Weissbach (LW),Sweden
2017,7,193,Brady Gilmour (C),Canada
2017,7,194,Dylan Ferguson (G),Canada
2017,7,195,Victor Berglund (D),Sweden
2017,7,196,Wyatt Kalynuk (D),Canada
2017,7,197,Ville Rasanen (D),Finland
2017,7,198,Skyler McKenzie (LW),Canada
2017,7,199,Cayden Primeau (G),United States
2017,7,200,Samuel Walker (C),United States
2017,7,201,Logan Cockerill (LW),United States
2017,7,202,Filip Sveningsson (LW),Sweden
2017,7,203,Ryan O'Connell (D),Canada
2017,7,204,Daniel Bukac (D),Czech Republic
2017,7,205,Yegor Zaitsev (D),Russia
2017,7,206,Anton Andersson (D),Sweden
2017,7,207,Patrik Virta (C),Finland
2017,7,208,Philip Kemp (D),United States
2017,7,209,Nick Swaney (RW),United States
2017,7,210,Robbie Stucker (D),United States
2017,7,211,Croix Evingson (D),United States
2017,7,212,Ivan Chekhovich (LW),Russia
2017,7,213,Kristian Roykas Marthinsen (LW),Norway
2017,7,214,Matthew Hellickson (D),United States
2017,7,215,Joshua Ess (D),United States
2017,7,216,Jacob Paquette (D),Canada
2017,7,217,William Reilly (D),Canada
2018,1,1,Rasmus Dahlin (D),Sweden
2018,1,2,Andrei Svechnikov (RW),Russia
2018,1,3,Jesperi Kotkaniemi (C),Finland
2018,1,4,Brady Tkachuk (LW),United States
2018,1,5,Barrett Hayton (C),Canada
2018,1,6,Filip Zadina (RW),Czech Republic
2018,1,7,Quinn Hughes (D),United States
2018,1,8,Adam Boqvist (D),Sweden
2018,1,9,Vitali Kravtsov (RW),Russia
2018,1,10,Evan Bouchard (D),Canada
2018,1,11,Oliver Wahlstrom (RW),United States
2018,1,12,Noah Dobson (D),Canada
2018,1,13,Ty Dellandrea (C),Canada
2018,1,14,Joel Farabee (LW),United States
2018,1,15,Grigori Denisenko (LW),Russia
2018,1,16,Martin Kaut (RW),Czech Republic
2018,1,17,Ty Smith (D),Canada
2018,1,18,Liam Foudy (C),Canada
2018,1,19,Jay O'Brien (C),United States
2018,1,20,Rasmus Kupari (C),Finland
2018,1,21,Ryan Merkley (D),Canada
2018,1,22,K'Andre Miller (D),United States
2018,1,23,Isac Lundestrom (C),Sweden
2018,1,24,Filip Johansson (D),Sweden
2018,1,25,Dominik Bokk (RW),Germany
2018,1,26,Jacob Bernard-Docker (D),Canada
2018,1,27,Nicolas Beaudin (D),Canada
2018,1,28,Nils Lundkvist (D),Sweden
2018,1,29,Rasmus Sandin (D),Sweden
2018,1,30,Joe Veleno (C),Canada
2018,1,31,Alexander Alexeyev (D),Russia
2018,2,32,Mattias Samuelsson (D),United States
2018,2,33,Jonatan Berggren (RW),Sweden
2018,2,34,Serron Noel (RW),Canada
2018,2,35,Jesse Ylonen (RW),Finland
2018,2,36,Jared McIsaac (D),Canada
2018,2,37,Jett Woo (D),Canada
2018,2,38,Alexander Romanov (D),Russia
2018,2,39,Olof Lindbom (G),Sweden
2018,2,40,Ryan McLeod (C),Canada
2018,2,41,Bode Wilde (D),United States
2018,2,42,Jack Drury (C),United States
2018,2,43,Ruslan Iskhakov (C),Russia
2018,2,44,Albin Eriksson (RW),Sweden
2018,2,45,Scott Perunovich (D),United States
2018,2,46,Martin Fehervary (D),Slovakia
2018,2,47,Kody Clark (RW),Canada
2018,2,48,Jonathan Tychonick (D),Canada
2018,2,49,Kirill Marchenko (RW),Russia
2018,2,50,Adam Ginning (D),Sweden
2018,2,51,Akil Thomas (C),Canada
2018,2,52,Sean Durzi (D),Canada
2018,2,53,Calen Addison (D),Canada
2018,2,54,Benoit-Olivier Groulx (C),Canada
2018,2,55,Kevin Bahl (D),Canada
2018,2,56,Jacob Olofsson (C),Sweden
2018,2,57,Axel Andersson (D),Sweden
2018,2,58,Filip Hallander (C),Sweden
2018,2,59,Gabriel Fortier (LW),Canada
2018,2,60,David Gustafsson (C),Sweden
2018,2,61,Ivan Morozov (C),Russia
2018,2,62,Olivier Rodrigue (G),Canada
2018,3,63,Jack McBain (C),Canada
2018,3,64,Justus Annunen (G),Finland
2018,3,65,Jan Jenik (RW),Czech Republic
2018,3,66,Cameron Hillis (C),Canada
2018,3,67,Alec Regula (D),United States
2018,3,68,Tyler Madden (C),United States
2018,3,69,Jake Wise (C),United States
2018,3,70,Jacob Ragnarsson (D),Sweden
2018,3,71,Jordan Harris (D),United States
2018,3,72,Jakub Skarek (G),Czech Republic
2018,3,73,Ty Emberson (D),United States
2018,3,74,Niklas Nordgren (RW),Finland
2018,3,75,Oskar Back (C),Sweden
2018,3,76,Semyon Der-Arguchintsev (C),Russia
2018,3,77,Jakub Lauko (C),Czech Republic
2018,3,78,Sampo Ranta (LW),Finland
2018,3,79,Blake McLaughlin (LW),United States
2018,3,80,Marcus Karlberg (LW),Sweden
2018,3,81,Seth Barton (D),Canada
2018,3,82,Bulat Shafigullin (LW),Russia
2018,3,83,Riley Stotts (C),Canada
2018,3,84,Jesper Eliasson (G),Sweden
2018,3,85,Lukas Dostal (G),Czech Republic
2018,3,86,Alexander Khovanov (C),Russia
2018,3,87,Linus Karlsson (C),Sweden
2018,3,88,Joey Keane (D),United States
2018,3,89,Logan Hutsko (RW),United States
2018,3,90,Dmitry Semykin (D),Russia
2018,3,91,Nathan Smith (C),United States
2018,3,92,Connor Dewar (C),Canada
2018,3,93,Riley Sutter (C/RW),Canada
2018,4,94,Matej Pekar (C),Czech Republic
2018,4,95,Jonathan Gruden (C),United States
2018,4,96,Luke Henman (C),Canada
2018,4,97,Allan McShane (C),Canada
2018,4,98,Ryan O'Reilly (RW),United States
2018,4,99,Slava Demin (D),United States
2018,4,100,Adam Mascherin (LW),Canada
2018,4,101,Nico Gross (D),Switzerland
2018,4,102,Jasper Weatherby (C),United States
2018,4,103,Jacob Pivonka (C),United States
2018,4,104,Lenni Killinen (RW),Finland
2018,4,105,Martin Pospisil (C),Slovakia
2018,4,106,Curtis Douglas (C),Canada
2018,4,107,Joel Hofer (G),Canada
2018,4,108,Demetrios Koumontzis (LW),United States
2018,4,109,Tyler Weiss (LW),United States
2018,4,110,Xavier Bernard (D),Canada
2018,4,111,Jachym Kondelik (C),Czech Republic
2018,4,112,John St. Ivany (D),United States
2018,4,113,Aidan Dudas (C),Canada
2018,4,114,Ivan Prosvetov (G),Russia
2018,4,115,Paul Cotter (C),United States
2018,4,116,Jack Perbix (RW),United States
2018,4,117,Linus Lindstrand Cronholm (D),Sweden
2018,4,118,Mac Hollowell (D),Canada
2018,4,119,Curtis Hall (C),United States
2018,4,120,Philipp Kurashev (C),Switzerland
2018,4,121,Alexander Green (D),United States
2018,4,122,Milos Roman (C),Slovakia
2018,4,123,Jack Gorniak (RW),United States
2018,4,124,Mitchell Gibson (G),United States
2018,5,125,Miska Kukkonen (D),Finland
2018,5,126,Angus Crookshank (LW),Canada
2018,5,127,Wyatte Wylie (D),United States
2018,5,128,Cole Fonstad (C),Canada
2018,5,129,Justin Almeida (C),Canada
2018,5,130,Toni Utunen (D),Finland
2018,5,131,Spencer Stastney (D),United States
2018,5,132,Lauri Pajuniemi (RW),Finland
2018,5,133,Samuel Houde (C),Canada
2018,5,134,Blade Jenkins (LW),United States
2018,5,135,Brandon Kruse (LW),United States
2018,5,136,Akira Schmid (G),Switzerland
2018,5,137,Riley Damiani (C),Canada
2018,5,138,Hugh McGing (LW),United States
2018,5,139,Mikael Hakkarainen (C),Finland
2018,5,140,Brandon Saigeon (C),Canada
2018,5,141,Yegor Sharangovich (C),Belarus
2018,5,142,Michael Callahan (D),United States
2018,5,143,Samuel Ersson (G),Sweden
2018,5,144,David Hrenak (G),Slovakia
2018,5,145,Dennis Busby (D),Canada
2018,5,146,Danila Zhuravlyov (D),Russia
2018,5,147,Roman Durny (G),Slovakia
2018,5,148,Simon Johansson (D),Sweden
2018,5,149,Filip Kral (D),Czech Republic
2018,5,150,Declan Chisholm (D),Canada
2018,5,151,Vladislav Yeryomenko (D),Belarus
2018,5,152,Magnus Chrona (G),Sweden
2018,5,153,Giovanni Vallati (D),Canada
2018,5,154,Connor Corcoran (D),Canada
2018,5,155,Damien Giroux (C),Canada
2018,6,156,Pontus Holmberg (RW),Sweden
2018,6,157,Kevin Mandolese (G),Canada
2018,6,158,David Tendeck (G),Canada
2018,6,159,Tim Berni (D),Switzerland
2018,6,160,Victor Brattstrom (G),Sweden
2018,6,161,Alex Kannok-Leipert (D),Canada
2018,6,162,Alexis Gravel (G),Canada
2018,6,163,Simon Kjellberg (D),Sweden
2018,6,164,Michael Kesselring (D),United States
2018,6,165,Johan Sodergran (RW),Sweden
2018,6,166,Jesper Sellgren (D),Sweden
2018,6,167,Mathias Emilio Pettersen (C),Norway
2018,6,168,Dawson Barteaux (D),Canada
2018,6,169,Mathias Laferriere (RW),Canada
2018,6,170,Justin Schutz (LW),Germany
2018,6,171,Nikolai Kovalenko (RW),Russia
2018,6,172,Mitchell Hoelscher (C),Canada
2018,6,173,Veini Vehvilainen (G),Finland
2018,6,174,Gavin Hain (C),United States
2018,6,175,Jacob Ingham (G),Canada
2018,6,176,Zachary Emond (G),Canada
2018,6,177,Liam Gorman (C),United States
2018,6,178,Hunter Drew (D),Canada
2018,6,179,Shawn Boudrias (RW),Canada
2018,6,180,Peter Diliberatore (D),Canada
2018,6,181,Dustyn McFaul (D),Canada
2018,6,182,John Leonard (LW),United States
2018,6,183,Cole Koepke (LW),United States
2018,6,184,Jared Moe (G),United States
2018,6,185,Xavier Bouchard (D),Canada
2018,6,186,Artyom Manukyan (RW),Russia
2018,7,187,William Worge Kreu (D),Sweden
2018,7,188,Jakov Novak (LW),Canada
2018,7,189,Liam Kirk (LW),United Kingdom
2018,7,190,Brett Stapley (C),Canada
2018,7,191,Otto Kivenmaki (C),Finland
2018,7,192,Matthew Thiessen (G),Canada
2018,7,193,Josiah Slavin (LW),United States
2018,7,194,Luke Loheit (RW),United States
2018,7,195,Patrik Siikanen (C),Finland
2018,7,196,Christian Krygier (D),United States
2018,7,197,Jacob Kucharski (G),United States
2018,7,198,Dmitry Zavgorodniy (LW),Russia
2018,7,199,Jermaine Loewen (LW),Canada
2018,7,200,Tyler Tucker (D),Canada
2018,7,201,Cole Krygier (D),United States
2018,7,202,Shamil Shmakov (G),Russia
2018,7,203,Eetu Pakkila (LW),Finland
2018,7,204,Trey Fix-Wolansky (RW),Canada
2018,7,205,Markus Westfalt (C),Sweden
2018,7,206,Radim Salda (D),Czech Republic
2018,7,207,Santtu Kinnunen (D),Finland
2018,7,208,Jordan Kooy (G),Canada
2018,7,209,Zachary Bouthillier (G),Canada
2018,7,210,Sam Hentges (C),United States
2018,7,211,Semyon Kizimov (RW),Russia
2018,7,212,Pavel Shen (C),Russia
2018,7,213,Milan Kloucek (G),Czech Republic
2018,7,214,Ty Taylor (G),Canada
2018,7,215,Austin Wong (C),Canada
2018,7,216,Riley Hughes (RW),United States
2018,7,217,Eric Florchuk (C),Canada
2019,1,1,Jack Hughes (C),United States
2019,1,2,Kaapo Kakko (RW),Finland
2019,1,3,Kirby Dach (C),Canada
2019,1,4,Bowen Byram (D),Canada
2019,1,5,Alex Turcotte (C),United States
2019,1,6,Moritz Seider (D),Germany
2019,1,7,Dylan Cozens (C),Canada
2019,1,8,Philip Broberg (D),Sweden
2019,1,9,Trevor Zegras (C),United States
2019,1,10,Vasily Podkolzin (RW),Russia
2019,1,11,Victor Soderstrom (D),Sweden
2019,1,12,Matthew Boldy (LW),United States
2019,1,13,Spencer Knight (G),United States
2019,1,14,Cameron York (D),United States
2019,1,15,Cole Caufield (RW),United States
2019,1,16,Alex Newhook (C),Canada
2019,1,17,Peyton Krebs (C),Canada
2019,1,18,Thomas Harley (D),Canada
2019,1,19,Lassi Thomson (D),Finland
2019,1,20,Ville Heinola (D),Finland
2019,1,21,Samuel Poulin (RW),Canada
2019,1,22,Tobias Bjornfot (D),Sweden
2019,1,23,Simon Holmstrom (RW),Sweden
2019,1,24,Philip Tomasino (C),Canada
2019,1,25,Connor McMichael (C),Canada
2019,1,26,Jakob Pelletier (LW),Canada
2019,1,27,Nolan Foote (LW),Canada
2019,1,28,Ryan Suzuki (C),Canada
2019,1,29,Brayden Tracey (LW),Canada
2019,1,30,John Beecher (C),United States
2019,1,31,Ryan Johnson (D),United States
2019,2,32,Shane Pinto (C),United States
2019,2,33,Arthur Kaliyev (RW),United States
2019,2,34,Bobby Brink (RW),United States
2019,2,35,Antti Tuomisto (D),Finland
2019,2,36,Pyotr Kochetkov (G),Russia
2019,2,37,Mads Sogaard (G),Denmark
2019,2,38,Raphael Lavoie (C),Canada
2019,2,39,Jackson Lacombe (D),United States
2019,2,40,Nils Hoglander (LW),Sweden
2019,2,41,Kaedan Korczak (D),Canada
2019,2,42,Vladislav Firstov (LW),Russia
2019,2,43,Alex Vlasic (D),United States
2019,2,44,Jamieson Rees (C),Canada
2019,2,45,Egor Afanasyev (LW),Russia
2019,2,46,Jayden Struble (D),United States
2019,2,47,Drew Helleson (D),United States
2019,2,48,Artemi Kniazev (D),Russia
2019,2,49,Matthew Robertson (D),Canada
2019,2,50,Samuel Fagemo (LW),Sweden
2019,2,51,Simon Lundmark (D),Sweden
2019,2,52,Vladislav Kolyachonok (D),Belarus
2019,2,53,Nicholas Robertson (LW),United States
2019,2,54,Robert Mastrosimone (LW),United States
2019,2,55,Dillon Hamaliuk (LW),Canada
2019,2,56,Brett Leason (RW),Canada
2019,2,57,Samuel Bolduc (D),Canada
2019,2,58,Karl Henriksson (C),Sweden
2019,2,59,Hunter Jones (G),Canada
2019,2,60,Albert Johansson (D),Sweden
2019,2,61,Nikita Okhotiuk (D),Russia
2019,2,62,Nikita Alexandrov (C),Russia
2019,3,63,Matthew Stienburg (C),Canada
2019,3,64,Mattias Norlinder (D),Sweden
2019,3,65,Alexander Campbell (LW),Canada
2019,3,66,Albin Grewe (RW),Sweden
2019,3,67,Erik Portillo (G),Sweden
2019,3,68,Zachary Jones (D),United States
2019,3,69,John Ludvig (D),Canada
2019,3,70,Daniil Misyul (D),Russia
2019,3,71,Hugo Alnefelt (G),Sweden
2019,3,72,Ronnie Attard (D),United States
2019,3,73,Patrik Puistola (RW),Finland
2019,3,74,Nathan Legare (RW),Canada
2019,3,75,Adam Beckman (LW),Canada
2019,3,76,John Farinacci (C),United States
2019,3,77,Gianni Fairbrother (D),Canada
2019,3,78,Alex Beaucage (RW),Canada
2019,3,79,Pavel Dorofeyev (LW),Russia
2019,3,80,Graeme Clarke (RW),Canada
2019,3,81,Cole Schwindt (RW),Canada
2019,3,82,Michael Vukojevic (D),Canada
2019,3,83,Anttoni Honka (D),Finland
2019,3,84,Mikko Kokkonen (D),Finland
2019,3,85,Ilya Konovalov (G),Russia
2019,3,86,Layton Ahac (D),Canada
2019,3,87,Lukas Parik (G),Czech Republic
2019,3,88,Ilya Nikolaev (C),Russia
2019,3,89,Maxim Cajkovic (RW),Slovakia
2019,3,90,Domenick Fensore (D),United States
2019,3,91,Aliaksei Protas (C),Belarus
2019,3,92,Quinn Olson (LW),Canada
2019,3,93,Colten Ellis (G),Canada
2019,4,94,Viktor Lodin (C),Sweden
2019,4,95,Jordan Spence (D),Canada
2019,4,96,Tyce Thompson (RW),United States
2019,4,97,Ethan Phillips (C),Canada
2019,4,98,Matias Maccelli (LW),Finland
2019,4,99,Cade Webber (D),United States
2019,4,100,Matej Blumel (RW),Czech Republic
2019,4,101,Henry Thrun (D),United States
2019,4,102,Aaron Huglen (D),United States
2019,4,103,Mason Millman (D),Canada
2019,4,104,Eric Hjorth (D),Sweden
2019,4,105,Michal Teply (LW),Czech Republic
2019,4,106,Carter Berger (D),Canada
2019,4,107,Alexandr Darin (RW),Russia
2019,4,108,Yegor Spiridonov (C),Russia
2019,4,109,Marc Del Gaizo (D),United States
2019,4,110,Ryder Donovan (C),United States
2019,4,111,Samuel Sjolund (D),Sweden
2019,4,112,Hunter Skinner (D),United States
2019,4,113,Henri Nikkanen (C),Finland
2019,4,114,Dmitri Voronkov (LW),Russia
2019,4,115,Mikhail Abramov (C),Russia
2019,4,116,Lucas Feuk (LW),Sweden
2019,4,117,Semyon Chystyakov (D),Russia
2019,4,118,Case McCarthy (D),United States
2019,4,119,Kim Nousiainen (D),Finland
2019,4,120,Maxwell Crozier (D),Canada
2019,4,121,Tuukka Tieksola (RW),Finland
2019,4,122,Ethan Keppen (LW),Canada
2019,4,123,Antti Saarela (C),Finland
2019,4,124,Nicholas Abruzzese (C),United States
2019,5,125,Mark Kastelic (C),United States
2019,5,126,Jacob LeGuerrier (D),Canada
2019,5,127,Cole Brady (G),Canada
2019,5,128,Cooper Moore (D),United States
2019,5,129,Arseny Gritsyuk (LW),Russia
2019,5,130,Leevi Aaltonen (RW),Finland
2019,5,131,Rhett Pitlick (LW),United States
2019,5,132,Trevor Janicke (C),United States
2019,5,133,Carson Focht (C),Canada
2019,5,134,Harrison Blaisdell (C),Canada
2019,5,135,Isaiah Saville (G),United States
2019,5,136,Henrik Rybinski (RW),Canada
2019,5,137,Owen Lindmark (C),United States
2019,5,138,Frederik Nissen Dichow (G),Denmark
2019,5,139,Marcus Kallionkieli (LW),Finland
2019,5,140,Sasha Mutala (RW),Canada
2019,5,141,Mason Primeau (C),Canada
2019,5,142,Nicholas Porco (LW),Canada
2019,5,143,Filip Cederqvist (LW),Sweden
2019,5,144,Logan Neaton (G),United States
2019,5,145,Judd Caulfield (RW),United States
2019,5,146,Michael Koster (D),United States
2019,5,147,Reece Newkirk (C),Canada
2019,5,148,Ethan Haider (G),United States
2019,5,149,Matvey Guskov (C),Russia
2019,5,150,Joshua Nodler (C),United States
2019,5,151,Aku Raty (RW),Finland
2019,5,152,Kirill Slepets (RW),Russia
2019,5,153,Martin Has (D),Czech Republic
2019,5,154,Roman Bychkov (D),Russia
2019,5,155,Keean Washkurak (C),Canada
2019,6,156,Arturs Silovs (G),Latvia
2019,6,157,Braden Doyle (D),United States
2019,6,158,Patrick Moynihan (RW),United States
2019,6,159,Elmer Soderblom (RW),Sweden
2019,6,160,Lukas Rousek (RW),Czech Republic
2019,6,161,Adam Edstrom (C),Sweden
2019,6,162,Tomas Mazura (C),Czech Republic
2019,6,163,William Francis (D),United States
2019,6,164,Timur Ibragimov (LW),Russia
2019,6,165,Egor Serdyuk (RW),Russia
2019,6,166,Marshall Warren (D),United States
2019,6,167,Dominic Basse (G),United States
2019,6,168,Greg Meireles (C),Canada
2019,6,169,Roddy Ross (G),Canada
2019,6,170,Arsen Khisamutdinov (C),Russia
2019,6,171,Luka Burzan (RW),Canada
2019,6,172,Nikita Nesterenko (C),United States
2019,6,173,Benjamin Brinkman (D),United States
2019,6,174,Danil Savunov (LW),Russia
2019,6,175,Karel Plasek (RW),Czech Republic
2019,6,176,Anthony Romano (C),Canada
2019,6,177,Gustav Berglund (D),Sweden
2019,6,178,Felix Bibeau (C),Canada
2019,6,179,Isak Walther (RW),Sweden
2019,6,180,Jack Malone (RW),United States
2019,6,181,Kevin Wall (RW),United States
2019,6,182,Quinn Schmiemann (D),Canada
2019,6,183,Blake Murray (C),Canada
2019,6,184,Santeri Hatakka (D),Finland
2019,6,185,Matias Mantykivi (C),Finland
2019,6,186,Mathew Hill (D),Canada
2019,7,187,Maxence Guenette (D),Canada
2019,7,188,Andre Lee (LW),Sweden
2019,7,189,Nikola Pasic (RW),Sweden
2019,7,190,Kirill Tyutyayev (LW),Russia
2019,7,191,Carter Gylander (G),Canada
2019,7,192,Jake Schmaltz (LW),United States
2019,7,193,Maxim Denezhkin (C),Russia
2019,7,194,Cole Moberg (D),Canada
2019,7,195,Aidan McDonough (LW),United States
2019,7,196,Bryce Brodzinski (RW),United States
2019,7,197,Filip Lindberg (G),Finland
2019,7,198,Mikhail Shalagin (LW),Russia
2019,7,199,Matthew Wedman (C),Canada
2019,7,200,Axel Bergkvist (D),Sweden
2019,7,201,Rafael Harvey-Pinard (LW),Canada
2019,7,202,Trent Miner (G),Canada
2019,7,203,Valtteri Puustinen (RW),Finland
2019,7,204,Kalle Loponen (D),Finland
2019,7,205,Eric Ciccolini (RW),Canada
2019,7,206,Kieran Ruscheinski (D),Canada
2019,7,207,Valentin Nussbaumer (C),Switzerland
2019,7,208,Vadim Zherenko (G),Russia
2019,7,209,Cole Coskey (RW),United States
2019,7,210,Juuso Parssinen (C),Finland
2019,7,211,Santeri Airola (D),Finland
2019,7,212,Tyler Angle (C),Canada
2019,7,213,McKade Webster (LW),United States
2019,7,214,Dustin Wolf (G),United States
2019,7,215,Arvid Costmar (C),Sweden
2019,7,216,Massimo Rizzo (C),Canada
2019,7,217,Jeremy Michel (LW),Canada
